1.4674,1.2848,1.7752,-22
1.4674,1.2848,1.7752,-22
1.4674,1.2848,1.7752,-22
1.4674,1.2848,1.7752,-22
1.4674,1.2848,1.7752,-22
1.4674,1.2848,1.7752,-22
1.4674,1.2848,1.7752,-22
1.4674,1.2848,1.7752,-22
1.4674,1.2848,1.7752,-22
1.3832,1.2167,1.7171,-22
1.3631,1.2016,1.701,-22
1.3631,1.2016,1.701,-22
1.3384,1.1837,1.6807,-22
1.3122,1.1653,1.6581,-22
1.3122,1.1653,1.6581,-22
1.3122,1.1653,1.6581,-22
1.3122,1.1653,1.6581,-22
1.3122,1.1653,1.6581,-22
1.3122,1.1653,1.6581,-22
1.3122,1.1653,1.6581,-22
1.3122,1.1653,1.6581,-22
1.3122,1.1653,1.6581,-22
1.3122,1.1653,1.6581,-22
1.3122,1.1653,1.6581,-22
1.7862,1.0634,1.3769,0
1.7631,1.0507,1.358,0
1.7131,1.6574,1.3177,0
1.6882,1.6391,1.2983,0
1.6352,1.6007,1.2575,0
1.6088,1.5819,1.2376,0
1.551,1.5416,1.195,0
1.5227,1.5223,1.1747,0
2.0001,1.4833,1.1338,0
1.9704,1.4656,1.1153,0
1.9378,1.4466,1.0956,0
1.8753,1.4116,1.0596,0
1.8134,2.0046,1.0266,22
1.7838,1.9848,1.266,22
1.7515,1.9634,1.2371,22
1.6871,1.9056,1.1862,22
1.6318,1.8521,1.1457,22
1.6069,1.2364,1.1285,0
1.5812,1.2145,1.1116,0
2.1266,1.177,1.0773,0
2.1266,1.177,1.0773,0
2.0454,1.6902,1.0251,0
2.0141,1.6672,1.006,0
1.9517,1.6223,0.9701,0
1.9517,1.6223,0.9701,0
1.8572,1.5567,1.2842,0
1.8572,1.5567,1.2842,0
1.7599,1.4926,1.1983,0
1.7599,1.4926,1.1983,0
1.6687,1.4361,1.1196,0
1.6687,1.4361,1.1196,0
1.5797,1.3848,1.0451,0
1.5797,1.3848,1.0451,0
1.4869,1.8851,0.9705,22
1.4869,1.8851,0.9705,22
2.0295,1.8126,0.9156,0
2.0295,1.8126,0.9156,0
1.9437,1.7428,0.8672,0
1.9437,1.7428,0.8672,0
1.851,1.6753,1.244,0
1.851,1.6753,1.244,0
1.7887,1.6314,1.188,0
1.7587,1.6108,1.1613,0
1.6985,1.5703,1.1083,0
1.6686,1.5507,1.0824,0
1.609,1.5126,1.0313,0
1.5783,1.4936,1.0055,0
1.5159,1.4564,0.9539,0
1.4554,1.9546,0.9056,22
1.4554,1.9546,0.9056,22
2.0149,1.3645,0.851,0
2.0149,1.3645,0.851,0
1.959,1.8289,0.8204,0
1.8995,1.7818,0.787,0
1.8995,1.7818,0.787,0
1.8072,1.7104,1.1869,0
1.8072,1.7104,1.1869,0
1.7464,1.6646,1.1329,0
1.684,1.6188,1.0785,0
1.6242,1.5759,1.0273,0
1.5959,1.5561,1.0035,0
1.5346,1.5142,0.9531,0
1.506,1.4951,0.9301,0
2.0989,1.4568,0.8838,0
2.0689,1.4389,0.8623,0
2.0071,1.4036,0.82,0
1.9771,1.8863,0.8004,0
1.9157,1.8386,0.7628,0
1.9157,1.8386,0.7628,0
1.8244,1.7692,1.1912,0
1.8244,1.7692,1.1912,0
1.7325,1.7015,1.1081,0
1.7325,1.7015,1.1081,0
1.637,1.6339,1.0238,0
1.637,1.6339,1.0238,0
1.5469,1.5729,0.9466,22
1.5469,1.5729,0.9466,22
2.1233,1.5053,0.884,0
2.1233,1.5053,0.884,0
2.0954,1.481,0.8671,0
2.035,1.4406,0.8266,0
1.9736,1.4013,0.7885,0
1.9438,1.3828,0.7713,0
1.8835,1.3469,1.2438,0
1.8547,1.3305,1.2178,0
1.7951,1.7805,1.1646,0
1.7951,1.7805,1.1646,0
1.9582,2.1735,1.0886,22
1.9582,2.1735,1.0886,22
1.8678,2.101,1.0208,22
1.8381,2.0731,1.0024,22
1.7853,1.6166,0.9719,0
1.7583,1.5964,0.9575,0
1.707,1.5614,0.9307,0
1.9981,1.5459,1.4692,0
1.9368,1.8761,1.4215,0
1.9071,1.8525,1.3988,0
1.8765,1.8283,1.3757,0
1.8147,1.7802,1.3301,0
1.7846,1.757,1.3084,0
1.7541,1.7337,1.2867,0
1.6928,1.6878,1.2444,0
1.6608,1.6642,1.223,22
1.5978,1.6186,1.1823,22
1.5385,1.5711,1.1503,22
1.5118,1.5464,1.1392,22
1.4602,1.4983,1.2016,22
2.4695,1.4517,1.1647,0
2.4443,1.4299,1.1482,0
2.393,1.3894,1.1135,0
2.3674,1.3696,1.0968,0
2.3674,1.3696,1.0968,0
2.2849,1.307,1.0457,0
2.2537,1.284,1.0276,0
2.1894,1.238,0.9926,0
2.1894,1.238,0.9926,0
2.0986,1.1765,1.0831,0
2.0986,1.1765,1.0831,0
2.01,1.1209,1.0104,0
1.9515,1.5193,0.9644,0
1.9515,1.5193,0.9644,0
2.2678,1.4761,0.9188,0
2.2367,1.4555,0.8973,0
2.1764,1.4168,0.8575,0
2.1445,1.397,0.8375,0
2.0775,1.357,0.7983,0
2.0154,1.322,1.3819,0
2.0154,1.322,1.3819,0
1.9223,1.6909,1.312,0
1.9223,1.6909,1.312,0
1.8322,1.6336,1.2476,0
1.8322,1.6336,1.2476,0
1.742,1.5795,1.1868,0
1.742,1.5795,1.1868,0
1.6824,1.5457,1.149,0
1.6232,1.9337,1.1136,22
1.595,1.9152,1.0975,22
1.5641,1.8952,1.0806,22
1.8995,1.8473,1.2063,0
1.8449,1.8029,1.1698,0
1.818,1.7842,1.1509,0
1.7879,1.7636,1.1301,0
1.7273,1.7231,1.09,0
1.6674,1.6843,1.0524,22
1.6393,1.6666,1.0356,22
2.0059,1.6228,1.2363,0
1.9804,1.6023,1.218,0
1.9239,1.5657,1.1748,0
1.8947,1.5474,1.153,0
1.8628,1.5277,1.1297,0
1.8047,1.4932,1.0884,0
1.7754,1.4764,1.0683,0
1.7121,1.8075,1.0267,22
1.6527,1.7654,0.99,22
1.6527,1.7654,0.99,22
1.8387,1.6964,1.209,0
1.8387,1.6964,1.209,0
1.7535,1.6339,1.1515,0
1.7535,1.6339,1.1515,0
1.6573,1.569,1.0887,0
1.6573,1.569,1.0887,0
1.5933,1.5276,1.0498,0
1.5311,1.4891,1.0145,0
1.5016,1.4714,0.9988,0
1.4392,1.4353,1.2519,0
1.4392,1.4353,1.2519,0
1.3441,2.0808,1.1799,22
1.3441,2.0808,1.1799,22
1.2587,2.0214,1.1254,22
1.2325,2.001,1.1111,22
1.2088,1.2945,1.0989,22
1.5976,1.2633,1.1648,0
1.5746,1.2492,1.145,0
1.5274,1.2216,1.1042,0
1.5025,1.2082,1.0827,0
1.4474,1.8477,1.0357,22
1.3891,1.8115,0.9868,22
1.3633,1.791,0.9683,22
1.3371,1.7701,0.9502,22
1.2909,1.7324,0.9198,22
1.2489,1.6973,0.8944,22
1.2308,1.6816,0.8841,22
1.1942,1.0206,0.8654,0
1.1942,1.0206,0.8654,0
1.6377,1.5934,1.1278,0
1.6377,1.5934,1.1278,0
1.557,1.5347,1.0526,0
1.557,1.5347,1.0526,0
1.4683,1.4728,0.9712,22
1.4683,1.4728,0.9712,22
1.3898,1.4076,0.9039,22
1.3898,1.4076,0.9039,22
1.8527,1.3487,0.8589,0
1.8527,1.3487,0.8589,0
2.3874,1.2921,0.8112,0
2.3874,1.2921,0.8112,0
2.3023,1.2337,0.7585,0
2.3023,1.2337,0.7585,0
2.2125,1.1758,1.1196,0
2.2125,1.1758,1.1196,0
2.1222,1.1222,1.0466,0
2.1222,1.1222,1.0466,0
2.0334,1.6329,0.978,0
2.0334,1.6329,0.978,0
1.9441,1.5652,0.913,0
1.9441,1.5652,0.913,0
1.8855,1.5221,0.873,0
1.8265,1.4798,0.8352,0
1.7964,1.4588,0.8171,0
1.7356,1.4174,0.7829,0
1.7356,1.4174,0.7829,0
1.6462,1.3594,1.1227,0
1.5875,1.3235,1.0757,0
1.5875,1.3235,1.0757,0
1.5562,1.305,1.0512,0
1.4949,1.8276,1.0046,22
2.0506,1.7827,0.9626,0
2.0506,1.7827,0.9626,0
1.9705,1.7119,0.9217,0
1.9114,1.6674,0.8898,0
1.9114,1.6674,0.8898,0
1.8188,1.5998,1.2297,0
1.8188,1.5998,1.2297,0
1.7281,1.5365,1.1504,0
1.7281,1.5365,1.1504,0
1.6381,1.4766,1.0738,0
1.6381,1.4766,1.0738,0
1.5501,1.4214,1.0015,0
1.5501,1.4214,1.0015,0
1.4629,1.3705,0.9331,0
1.4629,1.3705,0.9331,0
2.0035,1.8383,0.8661,0
2.0035,1.8383,0.8661,0
1.9132,1.7733,0.8091,0
1.9132,1.7733,0.8091,0
1.852,1.7307,0.7743,0
1.8217,1.71,0.7584,0
1.7917,1.6899,1.1754,0
1.7301,1.6494,1.1195,0
1.6984,1.6291,1.0909,0
1.6375,1.5913,1.0368,0
1.5761,1.5546,0.9831,0
1.5477,1.5383,0.9586,0
1.4868,2.0374,0.907,22
1.4569,2.0149,0.8823,22
1.4031,1.9689,0.8411,22
2.0064,1.4161,0.812,0
1.9853,1.3989,0.8013,0
1.9301,1.8553,0.7671,0
1.9301,1.8553,0.7671,0
1.8419,1.7869,1.206,0
1.8104,1.7629,1.1774,0
1.7802,1.7401,1.1501,0
1.7203,1.6956,1.0964,0
1.6923,1.6752,1.0716,0
1.6308,1.6312,1.0179,22
1.5704,1.5891,0.9663,22
1.5468,1.5664,0.9486,22
2.1635,1.5217,0.9191,0
2.1635,1.5217,0.9191,0
2.0899,1.4609,0.8721,0
2.062,1.4408,0.8542,0
2.0346,1.4213,0.8372,0
2.6536,1.3817,0.804,0
2.6231,1.3619,1.3068,0
2.563,1.3241,1.2549,0
2.5337,1.3064,1.23,0
2.4751,1.2724,1.1808,0
2.445,1.7022,1.1559,0
2.3858,1.6528,1.1081,0
2.3255,1.6033,1.0607,0
2.2978,1.5809,1.0396,0
2.2389,1.5338,0.9959,0
2.21,1.511,0.9751,0
2.1506,1.4651,0.9342,0
2.1506,1.4651,0.9342,0
2.3245,1.4015,0.8801,0
2.3245,1.4015,0.8801,0
2.2341,1.341,1.3448,0
2.2341,1.341,1.3448,0
2.1447,1.2848,1.2709,0
2.1447,1.2848,1.2709,0
2.0544,1.2322,1.1986,0
2.0544,1.2322,1.1986,0
1.9644,1.6622,1.1293,0
1.9644,1.6622,1.1293,0
1.8737,1.6107,1.063,0
1.8737,1.6107,1.063,0
1.8132,2.0576,1.021,22
1.7533,2.0231,0.9815,22
1.7282,2.002,0.9699,22
1.7023,1.9788,0.9597,22
1.9615,1.4689,1.4707,0
1.9174,1.4287,1.4465,0
1.8925,1.4145,1.4289,0
1.837,1.8402,1.3905,22
1.837,1.8402,1.3905,22
1.7582,1.7759,1.347,22
2.0921,1.3088,1.3388,0
2.0707,1.2902,1.4538,0
2.0249,1.257,1.4223,0
2,1.6765,1.4038,0
1.9721,1.6575,1.3831,0
1.916,1.6201,1.3427,0
1.8568,1.5819,1.3013,0
1.8261,1.5626,1.2804,0
1.7657,1.526,1.2408,0
1.7364,1.5088,1.2223,0
1.6767,1.9048,1.186,22
1.6487,1.8858,1.1697,22
1.6193,1.8662,1.1531,22
1.9516,1.8183,1.2784,0
1.9045,1.3611,1.2515,0
1.8488,1.7303,1.2125,0
1.8208,1.7108,1.1935,0
1.7619,1.6704,1.155,0
1.7619,1.6704,1.155,0
1.6749,1.6131,1.1018,0
1.6749,1.6131,1.1018,0
2.0245,1.5765,1.069,0
1.965,1.5425,1.228,0
1.935,1.526,1.2043,0
1.9028,1.9083,1.1792,22
1.8401,1.8665,1.1314,22
1.8069,1.8449,1.1067,22
1.7514,1.7916,1.0765,22
2.1337,1.7401,1.0579,0
2.1337,1.7401,1.0579,0
2.0573,1.6755,1.2699,0
2.0281,1.6544,1.2469,0
1.9988,1.6335,1.2241,0
1.9391,1.592,1.179,0
1.9101,1.5723,1.1575,0
1.8811,1.5529,1.1365,0
1.8197,1.513,1.0935,0
2.5951,1.4944,1.0735,0
2.9685,1.4592,1.0361,0
2.9361,1.4416,1.0175,0
2.8747,1.7624,0.9845,0
2.8414,1.7397,1.2337,0
2.7767,1.6966,1.1832,0
2.7131,1.6555,1.135,0
2.7131,1.6555,1.135,0
2.6197,1.5982,1.0674,0
2.5574,1.5619,1.0247,0
2.5574,1.5619,1.0247,0
2.4636,1.8671,0.9648,0
2.4636,1.8671,0.9648,0
2.4023,1.825,0.9288,0
2.3397,1.7832,0.8951,0
2.3105,1.7642,1.1504,0
2.248,1.7245,1.1002,0
2.248,1.7245,1.1002,0
2.1553,1.6684,1.0285,0
2.1231,1.6496,1.0045,0
2.0618,1.6153,0.9602,0
2.0297,1.6842,0.9378,0
1.968,1.6318,0.8968,0
1.968,1.6318,0.8968,0
1.8748,1.5541,0.84,0
1.8748,1.5541,0.84,0
1.7832,1.4796,1.4551,0
1.7832,1.4796,1.4551,0
1.6933,1.4087,1.3964,0
1.6933,1.4087,1.3964,0
1.6026,1.3396,1.341,0
1.6026,1.3396,1.341,0
1.5138,1.2751,1.2911,0
1.5138,1.2751,1.2911,0
1.4831,1.2535,1.9375,-22
1.8878,1.21,1.8962,-22
1.8256,1.1776,1.8549,-22
1.7732,1.3201,1.8145,-22
1.749,1.3005,1.7956,-22
1.7043,1.265,1.7597,-22
1.7043,1.265,1.7597,-22
1.6491,1.2235,1.7135,-22
1.6491,1.2235,1.7135,-22
2.167,1.1884,1.0659,0
2.167,1.1884,1.0659,0
2.1036,1.1495,1.6166,0
2.0776,1.1336,1.5972,0
2.0527,1.1187,1.5788,0
1.9979,1.0873,1.539,0
1.9697,1.4193,1.5189,0
1.9395,1.3924,1.4978,0
1.8739,1.3343,1.4528,0
1.8441,1.3081,1.433,0
1.7815,1.2539,1.3926,0
1.7507,1.2276,1.3734,0
1.6868,1.1737,1.335,0
1.657,1.1489,1.3178,0
1.5963,1.0994,1.2844,0
1.5658,1.0751,1.8452,-22
1.5009,1.0245,1.7978,-22
1.4754,1.0082,1.7728,-22
2.0301,0.9813,1.7244,0
2.0072,0.9713,1.7023,0
1.96,1.368,1.6607,0
1.9295,1.3408,1.6369,0
1.8648,1.2836,1.5873,0
1.8648,1.2836,1.5873,0
1.774,1.205,1.5198,0
1.774,1.205,1.5198,0
1.6857,1.1306,1.4568,0
1.6857,1.1306,1.4568,0
2.4426,1.0588,1.3969,0
2.4426,1.0588,1.3969,0
2.3463,0.9878,1.3385,0
2.3463,0.9878,1.3385,0
2.2545,0.9249,1.2874,0
2.2244,0.9055,1.2716,0
2.1947,0.887,1.7747,0
2.1341,0.8514,1.7292,0
2.1053,1.2797,1.7078,0
2.0447,1.2241,1.6638,0
2.0447,1.2241,1.6638,0
1.9553,1.1433,1.601,0
1.9236,1.1151,1.5795,0
1.8623,1.0612,1.5388,0
1.8304,1.0336,1.5182,0
1.7702,0.9824,1.4807,0
1.7112,0.9336,1.4456,0
1.6828,0.9106,1.4293,0
1.6828,0.9106,1.4293,0
1.8981,0.8408,1.4042,0
1.8664,0.819,1.3802,0
1.803,0.7774,1.333,0
1.803,0.7774,1.333,0
1.709,0.722,1.2657,0
1.709,0.722,1.2657,0
1.6169,1.1361,1.2035,0
1.5854,1.1166,1.1832,0
1.5244,1.0806,1.1453,0
1.5244,1.0806,1.1453,0
1.4324,1.4974,1.0923,22
1.4324,1.4974,1.0923,22
1.3475,1.4298,1.1049,22
1.3475,1.4298,1.1049,22
1.6292,1.3582,1.0635,0
1.6292,1.3582,1.0635,0
1.5525,1.2974,1.0204,0
1.5525,1.2974,1.0204,0
1.5232,1.2777,1.003,0
1.4618,1.2379,0.9683,0
1.4004,1.2,1.0813,0
1.3378,1.1636,1.0281,0
1.3082,2.9609,1.0033,22
1.2772,2.9321,0.9777,22
1.2212,2.8741,0.9355,22
1.5868,2.844,0.9201,22
1.5379,2.7882,0.8978,22
1.5151,3.3214,0.8899,22
1.4754,0.9708,1.1075,0
1.864,0.929,1.0836,0
1.8401,0.9155,1.0651,0
1.7892,2.2936,1.0267,22
1.7633,2.9849,1.0076,22
1.7633,2.9849,1.0076,22
2.0003,1.5166,0.9721,0
2.0003,1.5166,0.9721,0
1.9308,1.4653,1.2408,0
1.8798,1.4375,1.2018,0
1.8798,1.4375,1.2018,0
1.797,2.0896,1.1405,22
1.797,2.0896,1.1405,22
1.7175,2.0338,1.0936,22
1.7175,2.0338,1.0936,22
1.6706,1.9924,1.0745,22
1.6261,1.267,1.3967,0
1.6068,1.2485,1.3858,0
2.0099,1.2142,1.3584,0
2.0099,1.2142,1.3584,0
1.9297,1.8396,1.3078,0
1.9297,1.8396,1.3078,0
1.8416,1.7869,1.2558,0
1.8416,1.7869,1.2558,0
1.7464,1.7333,1.2044,0
1.7144,1.7161,1.2945,22
1.6836,2.3703,1.2673,22
1.6202,2.3254,1.2149,22
1.5906,1.6377,1.1932,22
1.5336,1.5897,1.1546,22
1.4822,1.5423,1.1238,22
1.459,1.5196,1.1113,22
1.9526,1.4732,1.09,0
1.9526,1.4732,1.09,0
1.8795,1.4204,1.0567,0
1.8795,1.4204,1.0567,0
1.7999,1.373,1.2802,0
1.7999,1.373,1.2802,0
1.7136,1.9342,1.2051,22
1.7136,1.9342,1.2051,22
1.6274,1.8602,1.1375,22
1.6002,1.2448,1.1186,0
1.576,1.2243,1.1025,0
2.1247,1.1877,1.0687,0
2.0977,1.7392,1.0509,0
2.0683,1.7171,1.032,0
2.0084,1.6727,0.9952,0
1.9763,1.6494,0.9765,0
1.9107,1.6026,0.9407,0
1.8495,1.5604,1.2747,0
1.8204,1.5407,1.2488,0
1.7582,1.4998,1.1941,0
1.7284,1.4808,1.1682,0
1.6673,1.443,1.1158,0
1.6376,1.4253,1.0907,0
1.5769,1.3903,1.0402,0
1.5477,2.4222,1.0164,22
1.4878,2.3793,0.9686,22
1.4618,2.3542,0.9513,22
1.4618,2.3542,0.9513,22
2.0062,1.7554,0.9076,0
1.9513,1.2179,1.34,0
1.9258,1.6957,1.3173,0
1.8718,1.6638,1.2697,0
1.8447,1.6483,1.246,0
1.8142,2.1131,1.2196,22
1.9646,2.0621,1.1639,22
1.934,2.0342,1.1438,22
1.8785,1.9821,1.1098,22
1.8785,1.9821,1.1098,22
1.7954,1.4733,1.0653,0
1.7954,1.4733,1.0653,0
2.0081,1.4244,1.5431,0
2.0081,1.4244,1.5431,0
1.9229,1.7635,1.4781,0
1.9229,1.7635,1.4781,0
1.8924,1.7394,1.4554,0
1.8291,1.6901,1.4092,0
1.7986,1.6668,1.3874,0
1.736,1.6195,1.3439,0
1.6743,1.5741,1.3027,0
1.6437,1.552,1.2828,0
1.5817,1.5081,1.244,0
1.5517,1.4874,1.226,0
1.4904,1.4461,1.1908,0
1.4606,1.4266,1.1745,0
1.3988,1.3874,1.1752,0
1.3698,1.3695,1.151,0
1.3102,1.3342,1.1023,22
1.2809,1.3176,1.0788,22
1.2514,1.7735,1.0554,22
1.8925,1.2592,1.0205,0
2.1743,1.2193,0.9907,0
2.1179,1.6441,0.9583,0
2.0897,1.6259,0.9429,0
2.0585,1.6061,0.9267,0
1.9979,1.5688,0.9951,0
1.966,1.5498,0.9681,0
1.9059,1.5151,0.9181,0
1.875,1.498,0.8929,0
1.8129,1.9147,0.8436,22
1.7804,1.8945,0.8187,22
1.7185,1.8506,0.7761,22
1.6667,1.807,0.7474,22
2.0112,1.7864,0.7354,0
2.0112,1.7864,0.7354,0
1.9356,1.7299,1.306,0
1.9079,1.7112,1.2859,0
1.8542,1.6755,1.2477,0
1.8542,1.6755,1.2477,0
1.7649,1.6187,1.1872,0
1.7341,1.5998,1.1673,0
1.673,1.5637,1.1295,0
1.673,1.5637,1.1295,0
1.5843,2.6143,1.0788,22
1.5552,2.5964,1.2349,22
1.7077,2.5744,1.2152,22
1.6488,2.5311,1.1785,22
1.6224,1.4243,1.1628,0
1.5715,1.3924,1.134,0
1.5173,2.0671,1.1024,22
1.4903,2.4206,1.0873,22
1.4397,1.3134,1.3169,0
1.4397,1.3134,1.3169,0
1.3648,1.9692,1.2635,22
1.3648,1.9692,1.2635,22
1.3116,1.9341,1.2287,22
1.2664,1.8985,1.2041,22
1.7127,1.8823,1.1937,22
1.6903,1.1744,1.1834,0
1.647,1.1449,1.185,0
2.0841,1.1193,1.1474,0
2.0607,1.7872,1.1265,0
2.036,1.7712,1.1046,0
1.9815,1.7366,1.0568,0
1.9547,1.72,1.0337,0
1.8962,1.6847,0.9839,0
1.8664,1.6674,0.9591,0
1.8085,1.9084,0.912,22
1.8085,1.9084,0.912,22
2.1325,1.8397,0.8493,0
2.1325,1.8397,0.8493,0
2.0513,1.7731,0.806,0
2.0513,1.7731,0.806,0
1.961,1.7082,1.1312,0
1.898,1.6645,1.0838,0
1.898,1.6645,1.0838,0
1.8061,1.6031,1.0181,0
1.8061,1.6031,1.0181,0
1.7148,1.5452,0.9574,0
1.7148,1.5452,0.9574,0
1.6242,1.4912,0.9027,0
1.6242,1.4912,0.9027,0
1.591,1.4724,0.8842,0
1.5272,1.6817,1.219,22
1.4959,1.6582,1.1954,22
1.4376,1.609,1.1558,22
1.8813,1.5599,1.1277,0
2.3549,1.5379,1.1166,0
2.892,1.4946,1.3206,0
2.865,1.4728,1.2956,0
2.8057,1.4258,1.2412,0
2.7447,1.3786,1.1859,0
2.715,1.3561,1.1593,0
2.6552,1.3118,1.1065,0
2.6552,1.3118,1.1065,0
2.7198,1.2497,1.0308,0
2.7198,1.2497,1.0308,0
2.6225,1.1899,0.9561,0
2.6225,1.1899,0.9561,0
2.5906,1.1714,0.9325,0
2.5227,1.1341,0.8841,0
2.4901,1.7514,0.8618,0
2.4255,1.7077,0.8198,0
2.3931,1.6863,0.7999,0
2.3322,1.6471,0.765,0
2.3004,1.6271,0.748,0
2.2371,1.5886,1.1221,0
2.204,1.5691,1.0987,0
2.1414,1.5335,1.0558,0
2.1081,1.5153,1.0338,0
2.041,1.6573,0.9916,0
1.9771,1.6104,0.9541,0
1.9466,1.5885,0.9372,0
1.884,1.5444,1.3122,0
1.8531,1.5231,1.2905,0
1.8531,1.5231,1.2905,0
1.7604,1.4615,1.2281,0
1.6976,1.4218,1.1882,0
1.6673,1.4032,1.1696,0
1.6056,1.3668,1.1336,0
1.5766,1.3503,1.1174,0
1.5163,1.51,1.0856,0
1.5163,1.51,1.0856,0
1.4244,1.4391,2.1209,0
1.4244,1.4391,2.1209,0
1.333,1.3711,2.0671,0
1.3004,1.3476,2.0486,0
1.2703,1.3262,2.0318,0
1.2095,1.2842,1.9989,0
1.1802,1.2645,1.9834,0
1.1502,1.2447,2.3568,0
1.0859,1.2039,2.3163,0
1.0553,1.1852,2.2973,0
0.9941,1.1496,2.2601,0
1.3541,0.934,2.2246,-22
1.3541,0.934,2.2246,-22
1.265,0.8535,2.1704,-22
1.2121,0.8112,2.1247,-22
1.2121,0.8112,2.1247,-22
1.5936,0.7649,2.0554,-22
1.5936,0.7649,2.0554,-22
1.532,0.7375,1.9866,-22
1.532,0.7375,1.9866,-22
1.8637,1.0649,1.6311,0
1.8158,1.039,1.5865,0
1.792,1.021,1.5739,0
1.7409,0.983,1.5477,0
1.6832,0.9418,1.7973,-22
1.6553,0.9224,1.7784,-22
1.6015,0.8969,1.7299,-22
1.6015,0.8969,1.7299,-22
1.5308,1.2351,1.4112,0
1.5308,1.2351,1.4112,0
1.4595,1.1872,1.5967,-22
1.4595,1.1872,1.5967,-22
1.905,1.1575,1.5545,0
1.884,1.1475,1.3178,0
2.335,1.1253,1.4911,0
2.8511,1.3027,1.4524,0
3.2371,1.2793,1.4332,0
3.1805,1.2275,1.3912,0
3.1805,1.2275,1.3912,0
3.0918,1.1475,1.3279,0
3.0918,1.1475,1.3279,0
3.0004,1.0672,1.2664,0
3.0004,1.0672,1.2664,0
2.9085,0.989,1.209,0
2.9085,0.989,1.209,0
2.847,0.9385,1.1734,0
2.7872,0.8911,1.7829,0
2.7594,0.8697,1.7636,0
2.6995,0.8253,1.7231,0
2.6995,0.8253,1.7231,0
2.6117,0.765,1.666,0
2.5811,0.7456,1.6469,0
2.5209,0.7103,1.6105,0
2.6748,1.0962,1.5921,0
2.6448,1.0739,1.5762,0
2.5827,1.0292,1.737,0
2.5523,1.0079,1.7152,0
2.4894,0.9656,1.6712,0
2.4274,0.9262,1.629,0
2.398,0.9085,1.6094,0
2.3649,0.8893,1.5878,0
2.3034,1.2611,1.5487,0
2.2413,1.216,1.5108,0
2.2107,1.1944,1.4927,0
2.1778,1.1715,1.4737,0
2.1133,1.1282,1.438,0
2.0828,1.1085,1.4219,0
2.022,1.0708,1.5866,0
1.9597,1.0345,1.5413,0
1.9294,1.0178,1.5196,0
1.8676,3.259,1.4765,22
1.8385,3.2327,1.4567,22
1.7841,3.0457,1.4284,22
1.7594,2.3225,1.4164,22
1.7118,1.5857,1.6453,0
1.7118,1.5857,1.6453,0
1.9581,1.5402,1.5925,0
1.9299,2.225,1.574,22
1.9009,2.2091,1.5553,22
1.842,2.1721,1.5227,22
1.8162,2.1535,1.5113,22
1.7659,1.426,1.4732,0
1.7201,1.3958,1.4373,0
1.6961,1.3823,1.4177,0
1.6424,2.0346,1.3747,22
1.6424,2.0346,1.3747,22
1.5679,1.9786,1.3214,22
1.5679,1.9786,1.3214,22
1.5247,1.2728,1.2943,0
1.9508,1.2443,1.2723,0
1.9276,1.2317,1.2588,0
1.9004,1.8748,1.2434,0
1.8494,1.8416,1.2156,0
1.7931,1.8059,1.3461,22
1.7649,1.7885,1.3212,22
1.7137,1.7465,1.281,22
1.6911,1.7276,1.2638,22
1.6686,1.7085,1.2471,22
1.6291,1.6738,1.2189,22
1.6111,1.6574,1.2065,22
2.1372,1.6241,1.184,0
2.1176,1.6068,1.1737,0
2.0783,1.5743,1.152,0
2.0283,1.5367,1.1235,0
2.0034,1.5182,1.1098,0
1.9496,1.4791,1.4092,0
1.9496,1.4791,1.4092,0
1.8634,1.4186,1.3338,0
1.8634,1.4186,1.3338,0
1.7675,1.3548,1.2518,0
1.7675,1.3548,1.2518,0
1.6803,1.3006,1.1793,0
1.6803,1.3006,1.1793,0
1.5921,1.8353,1.1085,22
1.5622,1.8125,1.0852,22
2.11,1.7651,1.047,0
2.11,1.7651,1.047,0
2.0197,1.693,0.9929,0
2.0197,1.693,0.9929,0
1.9286,1.6273,0.9406,0
1.9286,1.6273,0.9406,0
1.8379,1.5646,1.2608,0
1.8379,1.5646,1.2608,0
1.7484,1.5057,1.1817,0
1.7168,1.4856,1.1542,0
1.688,1.4678,1.1294,0
1.6276,1.4315,1.0781,0
1.5979,1.4144,1.0532,0
1.5669,1.3969,1.0276,0
1.5049,1.9154,0.9774,22
1.5049,1.9154,0.9774,22
1.4192,1.8456,0.9139,22
1.997,1.7978,0.8879,0
1.9756,1.7765,0.8786,0
1.9546,1.7546,0.8707,0
1.9022,1.7127,1.2904,0
1.8451,1.6678,1.2396,0
1.8169,1.6459,1.2146,0
1.7578,1.6008,1.1632,0
1.7285,1.5788,1.138,0
1.6684,1.5346,1.0871,0
1.6684,1.5346,1.0871,0
2.2289,1.4724,1.0155,0
2.1971,1.4517,0.9915,0
2.1671,1.4325,0.9693,0
2.1059,1.3946,0.9255,0
2.0749,1.3761,0.9042,0
2.0132,1.3408,0.8638,0
1.9846,1.8189,0.846,0
1.9236,1.7845,0.8103,0
1.8942,2.2627,0.7944,22
1.8327,2.2282,1.2129,22
1.783,2.186,1.1721,22
1.9962,1.677,1.1556,0
1.9501,1.638,1.1268,0
1.9501,1.638,1.1268,0
1.8664,1.5909,1.0665,0
1.8351,2.0552,1.0448,22
1.8043,2.0371,1.024,22
1.7477,1.9978,0.9914,22
1.7247,1.9773,0.982,22
1.9815,1.465,1.4938,0
1.9815,1.465,1.4938,0
1.9144,1.413,1.452,0
1.8881,1.3982,1.4333,0
1.834,1.8255,1.3959,0
1.7744,1.7884,1.356,22
1.744,1.7699,1.3363,22
1.744,1.7699,1.3363,22
2.0162,1.6958,1.4117,0
2.0162,1.6958,1.4117,0
1.9367,1.6363,1.3561,0
1.9367,1.6363,1.3561,0
1.8482,1.5812,1.2928,0
1.8482,1.5812,1.2928,0
1.7571,1.528,1.2312,0
1.7571,1.528,1.2312,0
1.668,1.908,1.1751,22
1.668,1.908,1.1751,22
1.971,1.8406,1.2888,0
1.971,1.8406,1.2888,0
1.8876,1.7766,1.2297,0
1.8876,1.7766,1.2297,0
1.8557,1.7557,1.2063,0
1.7909,1.7144,1.1603,0
1.761,1.6958,1.1398,0
1.6979,1.6578,1.098,0
1.6396,1.6242,1.0615,0
1.6108,2.0219,1.0442,22
1.5509,1.9814,1.0103,22
1.5267,1.958,1.1907,22
1.8845,1.5137,1.1582,0
1.8623,1.4931,1.1456,0
1.8143,1.4555,1.1164,0
1.7861,1.4393,1.0974,0
1.7252,1.7761,1.0578,22
1.6932,1.7532,1.038,22
2.89,1.7024,1.2749,0
2.89,1.7024,1.2749,0
2.3147,1.6341,1.2161,0
2.3147,1.6341,1.2161,0
2.2272,1.5717,1.1525,0
2.2272,1.5717,1.1525,0
2.6243,1.5124,1.0933,0
2.5943,1.4931,1.0743,0
2.5351,1.4562,1.0387,0
2.5351,1.4562,1.0387,0
2.4459,1.404,1.2642,0
2.4459,1.404,1.2642,0
2.9168,1.4162,1.1918,0
2.9168,1.4162,1.1918,0
2.824,1.3372,1.1243,0
2.824,1.3372,1.1243,0
2.7318,1.2609,1.0615,0
2.7318,1.2609,1.0615,0
2.6406,1.1878,1.0041,0
2.6406,1.1878,1.0041,0
2.5484,1.1168,0.9518,0
2.5484,1.1168,0.9518,0
2.4564,1.0497,1.5702,0
2.4564,1.0497,1.5702,0
2.3936,1.0063,1.5318,0
2.3319,0.9659,1.4957,0
2.3022,0.9474,1.479,0
2.2701,0.9281,1.4615,0
2.2064,0.8921,1.6841,0
2.145,1.2141,1.6397,0
2.1143,1.1907,1.6179,0
2.0834,1.1675,1.5962,0
2.0222,1.1229,1.5544,0
1.9608,1.08,1.5139,0
1.9311,1.0599,1.4948,0
1.9013,1.0404,1.4762,0
1.8419,1.003,1.44,0
1.8419,1.003,1.44,0
1.7507,1.3137,1.388,0
1.6916,1.2675,1.6126,0
1.6916,1.2675,1.6126,0
1.6043,1.2017,1.5475,0
1.6043,1.2017,1.5475,0
1.515,1.1379,1.4835,0
1.515,1.1379,1.4835,0
1.9016,1.0962,1.441,0
1.8729,1.0785,1.4227,0
1.8122,1.0428,1.3684,0
1.7817,1.0258,1.3397,0
1.7212,1.6907,1.2829,0
1.6916,1.6742,1.2553,0
1.6599,1.9995,1.2259,22
1.6004,1.9578,1.1711,22
1.5458,1.9129,1.1228,22
1.98,1.8891,1.1041,0
1.9326,1.8389,1.0708,0
1.9071,1.8197,1.0505,0
1.8514,1.7784,1.0073,0
2.1911,1.7583,0.9865,0
2.1594,1.7372,0.9648,0
2.0941,1.6947,0.9221,0
2.0274,1.6528,0.8813,0
1.997,1.6343,0.8639,0
1.997,1.6343,0.8639,0
1.9338,1.597,0.83,0
1.8675,1.5596,1.1126,0
1.8036,1.8339,1.064,22
1.7722,1.8119,1.0408,22
1.7406,1.79,1.0178,22
1.6812,1.735,0.9873,22
1.6533,1.4262,0.9757,0
1.6035,1.3821,1.322,0
1.5799,1.3594,1.3083,0
1.5277,1.3294,1.2705,0
1.5007,1.5634,1.2513,22
1.4449,1.5193,1.2128,22
1.9097,1.493,1.2004,0
2.8502,1.4406,1.1813,0
2.7959,1.3966,1.325,0
2.7689,1.375,1.3,0
3.1867,1.3287,1.2458,0
3.1564,1.3068,1.2198,0
3.1255,1.2847,1.1934,0
3.0641,1.2422,1.142,0
3,1.1997,1.0895,0
2.9707,1.181,1.066,0
2.9078,1.1424,1.0167,0
2.8777,1.1248,0.9937,0
2.8777,1.1248,0.9937,0
2.7868,1.7219,0.927,0
2.7244,1.6797,0.884,0
2.7244,1.6797,0.884,0
2.6333,1.6205,0.8261,0
2.6333,1.6205,0.8261,0
2.543,1.5651,0.7757,0
2.543,1.5651,0.7757,0
2.4517,1.5129,1.1109,0
2.4517,1.5129,1.1109,0
2.3608,1.6585,1.0472,0
2.3608,1.6585,1.0472,0
2.299,1.6128,1.0065,0
2.2682,1.5904,0.9871,0
2.2068,1.5469,0.9506,0
2.1779,1.5268,0.9345,0
2.1168,1.4856,1.2926,0
2.0877,1.4664,1.2712,0
2.0273,1.428,1.228,0
1.9988,1.4104,1.2082,0
1.9405,1.3758,1.1691,0
1.9113,1.3592,1.1502,0
1.8504,1.5293,1.1124,0
1.8217,1.5066,1.0954,0
2.2592,1.4617,1.0632,0
2.2282,1.4397,1.4347,0
2.1634,1.3947,1.3908,0
2.1634,1.3947,1.3908,0
2.0719,1.334,1.3318,0
2.0397,1.3136,1.3119,0
1.9727,1.2726,1.2723,0
1.9727,1.2726,1.2723,0
1.8801,1.2199,1.2216,0
1.8801,1.2199,1.2216,0
1.7876,1.8112,1.3378,22
1.7876,1.8112,1.3378,22
1.7019,1.742,1.2698,22
1.7019,1.742,1.2698,22
1.6503,1.6916,1.2343,22
2.1672,1.6437,1.2058,0
2.1425,1.62,1.1935,0
2.093,1.577,1.1671,0
2.093,1.577,1.1671,0
2.0156,1.5201,1.1222,0
2.0156,1.5201,1.1222,0
1.9312,1.4601,1.3948,0
1.8991,1.4381,1.3665,0
1.8361,1.3959,1.3115,0
1.8361,1.3959,1.3115,0
1.7447,1.3379,1.2334,0
1.7447,1.3379,1.2334,0
1.6554,1.2854,1.1592,0
1.6554,1.2854,1.1592,0
1.565,1.8161,1.0868,22
1.565,1.8161,1.0868,22
2.0835,1.7428,1.0312,0
2.0551,1.7161,1.0171,0
2.0268,1.6949,0.9997,0
1.9669,1.6509,0.9647,0
1.9369,1.6293,0.9481,0
1.9066,1.6078,0.9322,0
1.8432,1.5637,1.2669,0
1.8432,1.5637,1.2669,0
1.7521,1.503,1.1866,0
1.6912,1.4642,1.134,0
1.6625,1.4465,1.1095,0
1.6314,1.4278,1.0833,0
1.5686,1.3914,1.0313,0
1.5069,1.9106,0.9817,22
1.479,1.8895,0.9597,22
1.4517,1.862,0.9419,22
2.0245,1.8091,0.9122,0
2.0245,1.8091,0.9122,0
1.9468,1.7365,0.8756,0
1.9468,1.7365,0.8756,0
1.8609,1.6673,1.257,0
1.8609,1.6673,1.257,0
1.7733,1.5987,1.1806,0
1.7438,1.5761,1.1553,0
1.6851,1.5318,1.1058,0
1.6851,1.5318,1.1058,0
2.2453,1.4689,1.0353,0
2.213,1.4472,1.0111,0
2.1525,1.4078,0.9671,0
2.1525,1.4078,0.9671,0
2.0626,1.3525,0.9057,0
2.0626,1.3525,0.9057,0
1.9711,1.8092,0.849,0
1.9711,1.8092,0.849,0
1.8816,1.7387,1.2612,0
1.8816,1.7387,1.2612,0
1.7932,1.6709,1.1821,0
1.7932,1.6709,1.1821,0
1.7025,1.6036,1.1027,0
1.7025,1.6036,1.1027,0
1.6143,1.5407,1.0278,0
1.6143,1.5407,1.0278,0
1.5558,1.5006,0.9797,0
1.4976,1.462,0.9333,0
2.1194,1.4444,0.912,0
2.087,1.4251,0.8888,0
2.0265,1.3904,0.8471,0
1.9961,1.3737,0.8271,0
1.9363,1.8342,0.7899,0
1.9031,1.8088,0.7706,0
1.8415,1.7622,1.2114,0
1.7799,1.7167,1.1556,0
1.7799,1.7167,1.1556,0
1.6914,1.6533,1.0767,0
1.6914,1.6533,1.0767,0
1.6012,1.5913,0.9982,0
1.6012,1.5913,0.9982,0
1.5123,1.5331,0.9236,22
1.5123,1.5331,0.9236,22
2.083,1.4661,0.862,0
2.083,1.4661,0.862,0
1.9923,1.4023,0.8062,0
1.9923,1.4023,0.8062,0
1.902,1.348,0.755,0
1.902,1.348,0.755,0
1.8129,1.7827,1.1823,0
1.8129,1.7827,1.1823,0
1.7222,2.1782,1.1026,22
1.7222,2.1782,1.1026,22
1.9109,2.1279,1.0572,22
1.8835,1.6729,1.0394,0
1.8558,1.6524,1.0221,0
1.8014,1.6164,0.9877,0
1.7724,1.6002,0.9689,0
1.715,1.9576,0.9333,22
1.6552,1.9102,0.8989,22
1.6299,1.8844,1.4258,22
1.8887,1.8326,1.3885,0
1.8626,1.808,1.3716,0
1.836,1.4461,1.355,0
1.7821,1.7377,1.3185,0
1.7211,1.6874,1.2788,0
1.6922,1.6638,1.2606,0
1.6301,1.6138,1.2231,0
1.6004,1.5901,1.206,0
1.6004,1.5901,1.206,0
1.5108,1.5203,1.2496,22
1.4515,1.4752,1.2002,22
2.1284,1.4507,1.1821,0
2.4247,1.3976,1.1452,0
2.4247,1.3976,1.1452,0
2.3369,1.3316,1.0869,0
2.3369,1.3316,1.0869,0
2.2441,1.2651,1.0304,0
2.2441,1.2651,1.0304,0
2.153,1.2037,1.1318,0
2.153,1.2037,1.1318,0
2.0632,1.1475,1.0557,0
2.0632,1.1475,1.0557,0
1.9695,1.5297,0.9794,0
1.9695,1.5297,0.9794,0
1.9385,1.5082,0.955,0
1.8774,1.467,0.9084,0
1.8173,1.4281,0.8647,0
1.7892,1.4105,0.8452,0
1.7584,1.3916,0.8244,0
2.066,1.3571,0.7871,0
2.0044,1.7542,0.7536,0
1.9752,1.7355,1.3465,0
1.9145,1.6975,1.3001,0
1.9145,1.6975,1.3001,0
1.8517,1.6598,1.2536,0
1.7906,1.6246,1.2099,0
1.7284,2.0229,1.1671,22
1.7284,2.0229,1.1671,22
1.6403,1.9605,1.1138,22
1.6128,1.9366,1.1013,22
1.9554,1.4809,1.2461,0
1.9554,1.4809,1.2461,0
1.8722,1.8299,1.1854,0
1.8722,1.8299,1.1854,0
1.7889,1.7726,1.1263,0
1.7889,1.7726,1.1263,0
1.6949,1.7108,1.0642,22
1.6949,1.7108,1.0642,22
2.0329,1.6471,1.255,0
2.0329,1.6471,1.255,0
1.9512,1.5897,1.1926,0
1.9512,1.5897,1.1926,0
1.9216,1.5709,1.1701,0
1.8596,1.5327,1.1241,0
1.7994,1.4973,1.0812,0
1.7413,1.8356,1.0418,22
1.7117,1.8143,1.0224,22
1.9305,1.7651,0.9979,0
1.9029,1.3908,1.2563,0
1.8414,1.6993,1.2103,0
1.8414,1.6993,1.2103,0
1.7481,1.6361,1.1434,0
1.7481,1.6361,1.1434,0
1.6859,1.5956,1.1009,0
1.6555,1.5763,1.0809,0
1.5931,1.5379,1.0414,0
1.5631,1.52,1.0233,0
1.5322,1.502,1.0052,0
1.4717,1.468,0.9718,0
1.44,1.4509,0.9553,22
1.3734,2.1146,1.1921,22
1.3148,2.0775,1.1507,22
1.288,2.0577,1.1343,22
1.288,2.0577,1.1343,22
1.2379,2.0201,1.1051,22
1.1885,1.2969,1.0787,22
1.6078,1.2828,1.1676,0
1.5618,1.2552,1.1273,0
1.5101,1.2268,1.0821,0
1.4845,1.8848,1.0599,22
1.4555,1.8665,1.0351,22
1.4019,1.8286,0.9923,22
1.353,1.789,0.9575,22
1.3318,1.7715,0.9432,22
1.2904,1.0914,0.9167,0
1.2704,1.0773,0.9047,0
1.2208,1.6832,0.8723,22
1.1951,1.6647,0.8562,22
1.1723,1.643,0.846,22
1.6429,1.6026,1.1316,0
1.6429,1.6026,1.1316,0
1.5807,1.5478,1.0754,0
1.5311,1.51,1.0299,0
1.5311,1.51,1.0299,0
1.4514,1.451,0.9583,0
1.4514,1.451,0.9583,0
1.3937,1.4096,0.9075,22
1.364,1.3888,0.8817,22
1.832,1.3453,0.8381,0
1.7862,1.3028,0.8084,0
1.7602,1.2843,0.7899,0
1.7308,1.2638,0.7697,0
2.2719,1.2253,0.7326,0
2.2401,1.2058,0.7145,0
2.178,1.1695,1.0853,0
2.1154,1.7115,1.0339,0
2.0857,1.6891,1.01,0
2.0257,1.6444,0.9628,0
2.0257,1.6444,0.9628,0
1.9348,1.5789,0.8946,0
1.9025,1.5562,0.8715,0
1.8726,1.5356,0.8506,0
1.8111,1.4942,0.8098,0
1.7809,1.4744,0.7907,0
1.7512,1.4553,0.7728,0
1.6832,1.4131,0.735,0
1.6472,1.3917,1.1124,0
1.5839,1.3556,1.0601,0
1.5535,1.9063,1.0356,22
1.4897,1.8586,0.9852,22
1.4643,1.8333,0.9686,22
2.0355,1.7859,0.9422,0
1.9915,1.2147,0.9235,0
1.966,1.7206,0.9097,0
1.9387,1.6987,1.3342,0
1.8819,1.6538,1.2837,0
1.8523,1.6307,1.2576,0
1.7891,1.5821,1.2025,0
1.7891,1.5821,1.2025,0
1.6997,1.5155,1.1265,0
1.6997,1.5155,1.1265,0
1.6122,1.453,1.0546,0
1.6122,1.453,1.0546,0
2.1624,1.3933,0.9857,0
2.1624,1.3933,0.9857,0
2.0715,1.3388,0.9227,0
2.0415,1.3217,0.9031,0
1.9748,1.7977,0.8619,0
1.9748,1.7977,0.8619,0
1.8807,1.7254,1.2635,0
1.8807,1.7254,1.2635,0
1.7924,1.6597,1.1842,0
1.7924,1.6597,1.1842,0
1.7016,1.5945,1.1044,0
1.7016,1.5945,1.1044,0
1.6417,1.5531,1.0529,0
1.5819,1.5131,1.0027,0
1.553,1.4943,0.9789,0
1.4937,1.4568,0.9311,0
1.4937,1.4568,0.9311,0
1.4057,1.4042,0.8635,0
1.4057,1.4042,0.8635,0
1.96,1.8549,0.8026,0
1.9278,1.8309,0.7825,0
1.8986,1.8093,0.7651,0
1.8374,1.7648,0.7312,0
1.8081,1.7439,1.1795,0
1.7467,1.7008,1.1236,0
1.7179,1.6811,1.0977,0
1.6561,1.6397,1.0426,0
1.627,1.6206,1.0169,0
1.567,1.5824,0.9648,22
1.5372,1.564,0.9393,22
1.4818,1.5238,0.8952,22
2.0922,1.4804,0.864,0
2.0711,1.4608,0.8526,0
2.0146,1.4244,0.8153,0
2.0146,1.4244,0.8153,0
1.924,1.3693,0.7614,0
1.924,1.3693,0.7614,0
1.8373,1.7816,1.2022,0
1.8373,1.7816,1.2022,0
1.8072,1.757,1.1753,0
1.7448,1.7064,1.1201,0
1.6866,1.6602,1.0696,0
2.2934,1.6143,1.0196,0
2.2637,1.5924,0.996,0
2.2341,1.571,0.9728,0
2.1733,1.5279,0.9266,0
2.1733,1.5279,0.9266,0
2.0835,1.4668,0.8622,0
2.0835,1.4668,0.8622,0
1.9956,1.4103,0.8047,0
1.965,1.3915,0.7862,0
1.9045,1.3556,0.7522,0
1.8747,1.3387,1.2364,0
1.813,1.7892,1.181,0
1.7822,1.7711,1.1536,0
1.7209,2.223,1.0998,22
1.7209,2.223,1.0998,22
1.8894,1.6814,1.0409,0
1.8894,1.6814,1.0409,0
1.8045,2.1055,0.9842,22
1.8045,2.1055,0.9842,22
1.7251,1.5722,0.9407,0
1.7251,1.5722,0.9407,0
1.9616,1.986,1.4435,22
1.9616,1.986,1.4435,22
1.8784,1.4641,1.3876,0
1.8784,1.4641,1.3876,0
1.797,1.862,1.3358,22
1.797,1.862,1.3358,22
1.7405,1.8187,1.3034,22
1.7173,1.7959,1.2939,22
2.0326,1.3128,1.4038,0
2.0122,1.2935,1.3921,0
1.9665,1.2577,1.3634,0
1.9413,1.2433,1.3456,0
1.8854,1.6258,1.3072,0
1.8582,1.6069,1.2892,0
1.8006,1.5674,1.252,0
1.8006,1.5674,1.252,0
2.1066,1.5108,1.1998,0
2.1066,1.5108,1.1998,0
2.0131,1.4565,1.3172,0
1.9533,1.8381,1.2704,0
1.9533,1.8381,1.2704,0
1.8628,1.7785,1.202,0
1.8628,1.7785,1.202,0
1.7694,1.72,1.1349,0
1.7694,1.72,1.1349,0
1.6781,1.666,1.0736,0
1.6781,1.666,1.0736,0
1.6136,2.0433,1.0333,22
1.5838,2.0233,1.0156,22
1.5273,1.9787,1.1855,22
1.9142,1.9558,1.1685,22
1.8892,1.5361,1.1526,0
1.8425,1.4917,1.1265,0
1.7978,1.4555,1.1004,0
1.7724,1.4405,1.0837,0
2.1524,1.7791,1.0501,0
2.1234,1.7587,1.0334,0
2.061,1.7156,0.9994,0
2.0324,1.6963,1.2344,0
1.9988,1.674,1.2072,0
1.9405,1.6363,1.161,0
1.9103,1.6173,1.1377,0
1.851,1.581,1.0928,0
1.851,1.581,1.0928,0
1.7613,1.5291,1.0282,0
1.7006,1.8568,0.9872,22
1.6711,1.8361,0.968,22
2.9034,1.8101,0.9565,0
2.4267,1.7599,1.2143,0
2.3703,1.7184,1.1694,0
2.3413,1.6974,1.1468,0
2.7214,1.6754,1.1232,0
2.6599,1.6352,1.0803,0
2.6599,1.6352,1.0803,0
2.5671,1.5771,1.0193,0
2.534,1.5573,0.9987,0
2.4729,1.5218,0.9627,0
2.4729,1.5218,0.9627,0
2.3785,1.8109,1.204,0
2.3785,1.8109,1.204,0
2.285,1.7466,1.1313,0
2.2527,1.725,1.107,0
2.19,1.6841,1.061,0
2.19,1.6841,1.061,0
2.0954,1.6252,0.9953,0
2.0635,1.6061,0.9742,0
2.0326,1.5881,0.9545,0
1.9704,1.5529,0.9166,0
1.9412,1.537,0.8998,0
1.9076,1.5728,0.8814,0
1.8434,1.5181,1.5212,0
1.7805,1.4654,1.4822,0
1.7502,1.4402,1.464,0
1.7183,1.4141,1.4453,0
1.6542,1.3622,1.4092,0
1.593,1.3137,1.3768,0
1.5619,1.2895,2.0321,-22
1.5619,1.2895,2.0321,-22
1.473,1.2254,1.9729,-22
1.4463,1.2094,1.9507,-22
1.8779,1.1841,1.9125,-22
1.8779,1.1841,1.9125,-22
1.8115,1.345,1.222,0
1.8115,1.345,1.222,0
1.7431,1.2869,1.8126,-22
1.7159,1.2638,1.7941,-22
1.6938,1.2473,1.7746,-22
1.6515,1.2166,1.7358,-22
1.6334,1.204,1.1117,0
2.1895,1.1914,1.0973,0
2.1477,1.165,1.0725,0
2.1223,1.148,1.6482,0
2.0698,1.1141,1.6107,0
2.0138,1.0797,1.5716,0
2.0138,1.0797,1.5716,0
1.9272,1.0304,1.5134,0
1.8651,1.3182,1.4734,0
1.835,1.2914,1.4546,0
1.8032,1.2632,1.4352,0
1.7392,1.2071,1.3976,0
1.7067,1.179,1.3793,0
1.6443,1.1257,1.3457,0
1.6134,1.0997,1.9137,-22
1.5826,1.0741,1.8919,-22
1.5269,1.0312,1.847,-22
1.5035,1.0154,1.8247,-22
2.0926,1,1.801,0
2.0464,0.9761,1.2129,0
2.0268,0.9673,1.1977,0
1.9769,0.9387,1.6992,0
1.919,1.3243,1.6548,0
1.8905,1.2987,1.6333,0
1.8293,1.2446,1.588,0
1.8009,1.2197,1.5674,0
1.7411,1.1679,1.5249,0
1.7115,1.1426,1.5043,0
1.6809,1.1168,1.4834,0
1.6206,1.0667,1.4433,0
1.5883,1.0404,1.4224,0
1.5302,0.9942,1.3862,0
2.332,0.9493,1.3514,0
2.3034,0.9288,1.3356,0
2.2428,0.8871,1.826,0
2.2428,0.8871,1.826,0
2.1525,0.83,1.7584,0
2.1223,0.8124,1.7363,0
2.0642,1.2172,1.6945,0
2.0642,1.2172,1.6945,0
1.9751,1.1346,1.6325,0
1.916,1.0805,1.5929,0
1.916,1.0805,1.5929,0
1.8293,1.0029,1.5375,0
1.8293,1.0029,1.5375,0
2.049,0.9269,1.4851,0
2.049,0.9269,1.4851,0
1.986,0.8773,1.4519,0
1.9559,0.8543,1.4667,0
1.8932,0.8079,1.4192,0
1.8631,0.7865,1.3968,0
1.8001,0.7438,1.351,0
1.7391,0.7056,1.3081,0
1.7097,0.6884,1.2879,0
1.6779,0.6709,1.2665,0
1.6161,1.1017,1.2265,0
1.5532,1.0621,1.1876,0
1.5232,1.0441,1.1699,0
1.4609,1.0087,1.1348,0
1.4309,1.4606,1.1189,22
1.37,1.4221,1.1317,22
1.3438,1.3987,1.1127,22
1.6392,1.3502,1.0804,0
1.6392,1.3502,1.0804,0
1.556,1.289,1.0302,0
1.556,1.289,1.0302,0
1.4657,1.2338,0.9753,0
1.4657,1.2338,0.9753,0
1.4039,1.1986,0.9411,0
1.3735,3.02,0.9254,22
1.3108,2.9643,1.005,22
1.2846,2.9356,0.9855,22
1.2376,2.8799,0.9533,22
1.6051,2.8531,0.9407,22
1.6051,2.8531,0.9407,22
1.5383,1.0073,0.9144,0
1.5024,0.9674,1.1359,0
1.4803,0.9544,1.1168,0
1.4328,3.2144,1.0764,22
1.4075,3.1898,1.0552,22
1.7777,3.1375,1.0175,22
1.7777,3.1375,1.0175,22
1.7136,1.5294,0.9822,0
1.7136,1.5294,0.9822,0
1.9487,1.4781,0.9531,0
1.9487,1.4781,0.9531,0
1.8668,2.134,1.1887,22
1.8085,2.804,1.1442,22
1.8085,2.804,1.1442,22
1.73,2.0407,1.102,22
1.73,2.0407,1.102,22
1.6595,1.2902,1.0756,0
1.6595,1.2902,1.0756,0
1.6149,1.9382,1.3899,22
1.5657,1.9066,1.3533,22
1.545,1.8878,1.341,22
1.9688,1.8672,1.3292,0
1.9218,1.8266,1.31,0
1.9218,1.8266,1.31,0
1.8423,1.7756,1.2665,0
1.7848,1.7402,1.3632,0
1.7551,1.7223,1.3372,0
1.7551,1.7223,1.3372,0
1.6631,1.6692,1.2579,22
1.5994,1.6345,1.2041,22
1.5721,1.6134,1.1844,22
1.5189,1.569,1.1489,22
1.4947,1.5473,1.1342,22
1.4707,1.5249,1.1205,22
1.9641,1.4794,1.0974,0
1.9641,1.4794,1.0974,0
1.8924,1.4213,1.0689,0
1.8924,1.4213,1.0689,0
1.8178,1.3755,1.2986,0
1.7623,1.3432,1.2502,0
1.7623,1.3432,1.2502,0
1.6759,1.8987,1.1763,22
1.6759,1.8987,1.1763,22
1.6437,1.8759,1.1492,22
1.5853,1.8194,1.1078,22
1.5595,1.793,1.0907,22
2.1058,1.1706,1.0607,0
2.0537,1.1297,1.0369,0
2.0297,1.1164,1.0235,0
1.9763,1.6253,1.3958,0
1.9496,1.6042,1.3721,0
1.8915,1.5589,1.3212,0
1.8624,1.5365,1.2959,0
1.8024,1.4914,1.2445,0
1.8024,1.4914,1.2445,0
1.7139,1.427,1.1704,0
1.6828,1.405,1.1449,0
2.2527,1.3655,1.0988,0
2.1922,1.3278,1.0545,0
2.1922,1.3278,1.0545,0
2.1001,1.2741,0.9906,0
2.1001,1.2741,0.9906,0
2.0392,1.7374,0.9511,0
1.9792,2.2247,0.9147,22
1.95,2.2037,0.8979,22
1.919,2.1817,0.881,22
1.8635,2.1286,1.2687,22
2.0254,1.594,1.229,0
1.9997,1.5754,1.2115,0
1.9469,1.5416,1.1749,0
1.9211,1.9897,1.1563,22
1.9211,1.9897,1.1563,22
1.8406,1.9226,1.1038,22
1.792,1.4435,1.0799,0
1.7698,1.4263,1.0701,0
2.003,1.8091,1.5512,0
2.003,1.8091,1.5512,0
1.9166,1.7416,1.4846,0
1.9166,1.7416,1.4846,0
1.8237,1.6711,1.4154,0
1.8237,1.6711,1.4154,0
1.7294,1.602,1.3482,0
1.7294,1.602,1.3482,0
1.6384,1.5379,1.2867,0
1.6384,1.5379,1.2867,0
1.5468,1.4763,1.2287,0
1.5468,1.4763,1.2287,0
1.4581,1.42,1.1769,0
1.4581,1.42,1.1769,0
1.3656,1.365,1.1484,0
1.3656,1.365,1.1484,0
1.275,1.7899,1.0736,22
1.275,1.7899,1.0736,22
1.1889,1.7247,1.0113,22
1.1889,1.7247,1.0113,22
2.1356,1.2014,0.9657,0
2.1356,1.2014,0.9657,0
2.0819,1.6205,0.9392,0
2.0553,1.6031,1.0449,0
2.0248,1.5835,1.0187,0
1.9614,1.544,0.9653,0
1.9296,1.5248,0.939,0
1.865,1.4873,0.8871,0
1.8335,1.4698,0.8624,0
1.7713,1.8818,0.8152,22
1.7399,1.8619,0.7924,22
1.682,1.8198,0.7555,22
1.998,1.7756,0.7302,0
1.9726,1.7555,1.3334,0
1.9149,1.7178,1.29,0
1.9149,1.7178,1.29,0
1.8541,1.6793,1.2456,0
1.7932,1.6422,1.2027,0
1.7932,1.6422,1.2027,0
1.7023,1.5898,1.1421,0
1.6721,2.6795,1.123,22
1.6126,2.6439,1.0868,22
1.6126,2.6439,1.0868,22
1.7143,1.4835,1.2196,0
1.7143,1.4835,1.2196,0
1.6263,2.5216,1.1592,22
1.6263,2.5216,1.1592,22
1.5397,2.4593,1.11,22
1.5397,2.4593,1.11,22
1.4645,1.3324,1.3331,0
1.4645,1.3324,1.3331,0
1.3902,1.9902,1.2784,22
1.3902,1.9902,1.2784,22
1.3171,1.9386,1.2318,22
1.3171,1.9386,1.2318,22
1.7232,1.1959,1.1992,0
1.7232,1.1959,1.1992,0
1.6503,1.8397,1.1874,22
1.6503,1.8397,1.1874,22
2.0603,1.7869,1.1262,0
2.0603,1.7869,1.1262,0
1.9925,1.738,1.0679,0
1.9925,1.738,1.0679,0
1.9129,1.6871,1.0002,0
1.9129,1.6871,1.0002,0
2.2736,1.6526,0.9535,0
2.2093,1.6178,0.9062,0
2.1793,1.8683,0.8848,0
2.1143,1.8228,0.8405,0
2.1143,1.8228,0.8405,0
2.0237,1.7615,0.7837,0
2.0237,1.7615,0.7837,0
1.9281,1.6996,0.7313,0
1.9281,1.6996,0.7313,0
1.8365,1.6436,1.027,0
1.8365,1.6436,1.027,0
1.743,1.5897,0.9582,0
1.743,1.5897,0.9582,0
1.6483,1.8047,0.8935,22
1.6483,1.8047,0.8935,22
1.5615,1.7328,0.8482,22
1.5615,1.7328,0.8482,22
1.4912,1.4337,1.1849,0
1.4912,1.4337,1.1849,0
1.9131,1.3874,1.1367,0
1.9131,1.3874,1.1367,0
1.8302,1.5377,1.0852,0
1.8302,1.5377,1.0852,0
2.2378,1.4694,1.2512,0
2.2378,1.4694,1.2512,0
2.1771,1.4242,1.1933,0
2.1495,1.4041,1.167,0
2.8505,1.3622,1.1114,0
2.8206,1.3429,1.0853,0
2.7593,1.3047,1.0325,0
2.7298,1.2869,1.0075,0
2.6983,1.2684,0.981,0
2.6339,1.2324,0.928,0
2.6026,1.8613,0.9029,0
2.5387,1.8186,0.8529,0
2.4763,1.7782,0.8062,0
2.4462,1.7592,0.7845,0
2.4133,1.7388,0.7615,0
2.3515,1.7017,0.7205,0
2.3206,1.6836,0.7012,0
2.2583,1.6485,0.6652,0
2.1959,1.8111,1.036,0
2.1672,1.79,1.0142,0
2.1051,1.745,0.9684,0
2.0753,1.7239,0.9471,0
2.0138,1.6811,0.905,0
1.9853,1.6617,0.8862,0
1.924,1.621,0.8481,0
1.8948,1.6021,0.831,0
1.8339,1.5637,0.7977,0
1.803,1.5448,1.1793,0
1.803,1.5448,1.1793,0
1.7123,1.4919,1.1132,0
1.651,1.659,1.0709,22
1.623,1.6374,1.0522,22
1.5932,1.6118,1.0392,22
1.536,1.3858,2.1154,-22
1.4872,1.3529,2.0952,-22
1.4673,1.5071,2.0769,0
1.4673,1.5071,2.0769,0
1.407,1.4695,2.0252,0
1.3568,1.4328,1.9958,0
1.3568,1.4328,1.9958,0
1.2782,1.377,1.9516,0
1.2782,1.377,1.9516,0
1.2212,1.3381,1.921,0
1.1615,1.2989,2.2835,0
1.1334,1.281,2.2656,0
1.1029,1.2621,2.2465,0
1.4532,1.044,2.2103,-22
1.4211,1.0142,2.1922,-22
1.3581,0.9581,2.1504,-22
1.307,0.917,2.1049,-22
1.2845,0.9001,2.0826,-22
1.681,0.8707,2.0349,-22
1.6601,0.8596,2.0122,-22
1.6204,0.8424,1.6292,-22
1.6204,0.8424,1.6292,-22
1.9022,1.1491,1.5633,0
1.8766,1.1359,1.538,0
1.8526,1.1178,1.5245,0
1.7987,1.078,1.4952,0
1.772,1.0588,1.4812,0
1.7414,1.0372,1.4656,0
1.6819,0.9964,1.7243,-22
1.6163,0.954,1.68,-22
1.5886,0.942,1.6553,-22
1.5613,0.9321,1.6297,-22
1.5082,1.2531,1.5761,-22
1.9528,1.2292,1.5252,0
1.9312,1.2198,1.2654,0
1.9312,1.2198,1.2654,0
2.3496,1.1743,1.4421,0
2.3496,1.1743,1.4421,0
2.2685,1.2926,1.3812,0
2.2685,1.2926,1.3812,0
2.181,1.2104,1.3184,0
3.0558,1.1548,1.2773,0
3.0558,1.1548,1.2773,0
2.9682,1.0755,1.221,0
2.9682,1.0755,1.221,0
2.9081,1.0223,1.1851,0
2.8489,0.9712,1.1521,0
3.0344,0.9466,1.7894,0
3.0031,0.9221,1.7695,0
2.9347,0.8705,1.7273,0
2.8719,0.8254,1.6901,0
2.8719,0.8254,1.6901,0
2.7782,0.763,1.6377,0
2.7782,0.763,1.6377,0
2.6817,0.7063,1.8034,0
2.6817,0.7063,1.8034,0
2.6177,1.0592,1.7585,0
2.5512,1.009,1.7131,0
2.5209,0.9868,1.6929,0
2.5209,0.9868,1.6929,0
2.4562,0.941,1.6508,0
2.3945,0.8997,1.6122,0
2.3302,0.8593,1.5736,0
2.3006,0.8419,1.5564,0
2.2392,1.2003,1.522,0
2.2088,1.177,1.5057,0
2.1451,1.1294,1.6919,0
2.1146,1.1071,1.6697,0
2.0819,1.0839,1.6463,0
2.02,1.0412,1.6028,0
1.9571,1.0002,1.56,0
1.9269,0.9814,1.54,0
1.9269,0.9814,1.54,0
1.8347,0.928,1.4811,0
1.7727,2.3002,1.4437,22
1.7423,2.9891,1.426,22
1.6827,2.9504,1.6342,22
1.6566,2.2259,1.6168,22
1.9118,1.4885,1.585,0
1.8852,1.4719,1.5708,0
1.8852,1.4719,1.5708,0
1.8256,2.1357,1.5319,22
1.7655,2.1021,1.4793,22
1.7333,2.0846,1.4513,22
1.6758,2.0423,1.4073,22
1.648,2.0218,1.3866,22
1.5969,1.9837,1.3497,22
1.5512,1.2768,1.318,0
1.9977,1.2644,1.3052,0
1.9977,1.2644,1.3052,0
1.9162,1.8821,1.2551,0
1.9162,1.8821,1.2551,0
1.829,1.8282,1.2052,0
1.7969,1.8091,1.188,22
1.7305,1.7707,1.2898,22
1.7305,1.7707,1.2898,22
1.6488,1.7079,1.2257,22
1.6245,1.6886,1.2074,22
1.5815,1.6536,1.1764,22
1.5815,1.6536,1.1764,22
2.0914,1.6084,1.1413,0
2.0914,1.6084,1.1413,0
2.0321,1.5616,1.1083,0
2.0321,1.5616,1.1083,0
1.9575,1.5094,1.0662,0
1.9027,1.4723,1.3597,0
1.9027,1.4723,1.3597,0
1.8429,1.4332,1.3068,0
1.8126,1.414,1.2803,0
1.7813,1.3945,1.253,0
1.7168,1.356,1.1977,0
1.6565,1.322,1.1469,0
1.6275,1.8959,1.1229,22
1.5661,1.8511,1.0728,22
1.5407,1.8268,1.0553,22
2.1011,1.7798,1.0255,0
2.0788,1.7586,1.014,0
2.0292,1.7153,0.9872,0
2.0018,1.6939,0.9714,0
2.0018,1.6939,0.9714,0
1.9143,1.6272,1.3267,0
1.8525,1.5814,1.2719,0
1.8227,1.5597,1.2456,0
1.7616,1.5162,1.1927,0
1.733,1.4963,1.1682,0
1.733,1.4963,1.1682,0
1.6441,1.4365,1.0936,0
1.5835,1.3978,1.0443,0
1.5555,1.3805,1.022,0
1.5251,1.3621,0.9982,0
1.4645,1.8706,0.9521,22
2.0314,1.824,0.9096,0
2.0042,1.798,0.8962,0
1.9433,1.7519,0.8598,0
1.9433,1.7519,0.8598,0
1.909,1.7264,0.8407,0
1.8465,1.6808,1.2376,0
1.8167,1.6595,1.2108,0
1.754,1.6154,1.1548,0
1.7224,1.5938,1.127,0
1.6582,1.5509,1.0711,0
1.6287,1.5317,1.0459,0
1.5613,1.4893,0.9892,0
1.5296,1.47,0.9631,0
1.4675,1.4337,0.9132,0
1.4376,1.9133,0.8899,22
1.3768,2.3758,0.8439,22
1.9682,1.8387,0.8175,0
1.9449,1.8191,0.8075,0
1.9449,1.8191,0.8075,0
1.8578,1.7694,1.2311,0
1.8578,1.7694,1.2311,0
1.7655,2.2095,1.1485,22
1.7655,2.2095,1.1485,22
1.6804,2.6464,1.0762,22
1.6804,2.6464,1.0762,22
1.8432,2.095,1.0303,22
1.8432,2.095,1.0303,22
1.7844,1.5601,1.0037,0
1.7668,1.5412,0.9982,0
1.7429,1.5267,0.9847,0
1.9991,1.4972,1.4955,0
1.9707,1.9501,1.4734,0
1.9105,1.9138,1.4273,22
1.8808,1.8964,1.405,22
1.821,1.8554,1.3649,22
1.7957,1.8332,1.3514,22
1.7493,1.7881,1.3307,22
1.7284,1.7654,1.3235,22
2.0447,1.2823,1.4306,0
2.0267,1.2633,1.4212,0
1.9846,1.2285,1.3955,0
1.9846,1.2285,1.3955,0
1.91,1.6062,1.3436,0
1.91,1.6062,1.3436,0
1.8264,1.5486,1.2885,0
1.7961,1.5284,1.2694,0
1.767,1.5093,1.2516,0
2.0916,1.4704,1.2155,0
2.0616,1.453,1.1997,0
2.0289,1.4345,1.3436,0
1.9631,1.8165,1.2921,0
1.9007,1.7756,1.2445,0
1.8717,1.7569,1.2228,0
1.8395,1.7367,1.1993,0
1.7779,1.699,1.1554,0
1.7779,1.699,1.1554,0
1.6875,1.6464,1.0944,0
1.6254,2.0283,1.0552,22
1.5959,2.0088,1.0375,22
1.5455,1.5538,1.2101,22
1.5455,1.5538,1.2101,22
1.8818,1.4883,1.1675,0
1.8607,1.4657,1.1572,0
1.8086,1.4341,1.1217,0
1.7816,1.4182,1.1038,0
2.8358,1.7588,1.0691,0
2.8358,1.7588,1.0691,0
2.7472,1.6964,1.0187,0
2.717,1.6757,1.2453,0
2.6873,1.6558,1.2208,0
2.6262,1.6157,1.1712,0
2.5986,1.5981,1.1493,0
2.5383,1.561,1.1027,0
2.5383,1.561,1.1027,0
2.8778,1.64,1.0396,0
2.8172,1.5873,0.9991,0
2.7886,1.5627,0.9807,0
2.7568,1.5356,0.9611,0
2.6922,1.4811,0.9234,0
2.6922,1.4811,0.9234,0
2.6036,1.4081,1.1187,0
2.5449,1.361,1.0702,0
2.5449,1.361,1.0702,0
2.4846,1.3139,1.0219,0
2.4556,1.2917,0.9992,0
2.3974,1.2481,0.9549,0
2.3682,1.2268,0.9334,0
2.3069,1.1834,0.8901,0
2.2783,1.1638,0.8709,0
2.4486,1.1244,0.8327,0
2.4486,1.1244,0.8327,0
2.357,1.0726,1.4435,0
2.3239,1.4373,1.4215,0
2.2575,1.3902,1.3785,0
2.2575,1.3902,1.3785,0
2.1633,1.3264,1.3209,0
2.1633,1.3264,1.3209,0
2.0672,1.2653,1.2669,0
2.0672,1.2653,1.2669,0
1.9744,1.2107,1.4469,0
1.9744,1.2107,1.4469,0
1.8814,1.5367,1.3788,0
1.8814,1.5367,1.3788,0
1.7908,1.4742,1.3155,0
1.7908,1.4742,1.3155,0
1.6963,1.4124,1.2531,0
1.6963,1.4124,1.2531,0
1.6032,1.3553,1.196,0
1.6032,1.3553,1.196,0
1.5123,1.3037,1.1449,0
1.4807,1.9904,1.1284,22
1.4511,2.3414,1.3504,22
1.3935,1.9375,1.31,22
1.369,1.917,1.2959,22
1.3452,1.8956,1.2833,22
1.3018,1.1552,1.264,0
1.7401,1.1338,1.2567,0
1.6959,1.1,1.241,0
1.645,1.761,1.1935,22
1.6199,1.7456,1.1701,22
2.0402,1.7084,1.1251,0
2.0178,1.6883,1.1075,0
1.9958,1.6672,1.0907,0
1.9464,1.636,1.0496,0
2.3203,1.6186,1.0263,0
2.2608,1.5857,0.9822,0
2.2273,1.8514,0.9581,0
2.1655,1.8076,0.9152,0
2.1336,1.7855,0.894,0
2.0726,1.744,0.8552,0
2.0413,1.7232,0.8365,0
1.9741,1.6796,0.7988,0
1.9419,1.6593,0.7822,0
1.8731,1.6172,1.0838,0
1.8731,1.6172,1.0838,0
1.7808,1.5638,1.0153,0
1.7476,1.5455,0.9916,0
1.6836,1.7902,0.9476,22
1.6516,1.7675,0.9265,22
1.6236,1.7414,0.9136,22
1.569,1.4301,0.8942,0
1.5451,1.4091,1.2505,0
1.5204,1.3861,1.2366,0
1.4672,1.5904,1.1992,22
1.41,1.5447,1.1607,22
1.8785,1.5196,1.1493,0
2.3479,1.492,1.139,0
2.8503,1.4446,1.3174,0
2.7932,1.3989,1.2654,0
2.7641,1.3761,1.2392,0
2.7324,1.3514,1.2107,0
2.6699,1.3041,1.1556,0
2.6389,1.2812,1.1286,0
3.007,1.2398,1.0793,0
2.9439,1.1982,1.029,0
2.9144,1.1794,1.0059,0
2.8521,1.1414,0.9587,0
2.8521,1.1414,0.9587,0
2.7624,1.7313,0.8944,0
2.7624,1.7313,0.8944,0
2.6664,1.6646,0.8315,0
2.6664,1.6646,0.8315,0
2.5759,1.6047,0.7792,0
2.5759,1.6047,0.7792,0
2.4838,1.5471,1.1264,0
2.4838,1.5471,1.1264,0
2.3938,1.4945,1.0631,0
2.3938,1.4945,1.0631,0
2.3328,1.6467,1.0228,0
2.3025,1.6233,1.0037,0
2.2417,1.5771,0.9674,0
2.2133,1.5559,0.9514,0
2.1533,1.512,1.319,0
2.1241,1.4911,1.2977,0
2.0655,1.4502,1.2561,0
2.0378,1.4314,1.237,0
2.0064,1.4104,1.2158,0
2.4538,1.3728,1.178,0
2.422,1.3544,1.1595,0
2.3546,1.317,1.1225,0
2.2931,1.4752,1.4885,0
2.2613,1.451,1.467,0
2.1978,1.4036,1.4252,0
2.1978,1.4036,1.4252,0
2.1059,1.3375,1.3679,0
2.0433,1.2944,1.3311,0
2.0433,1.2944,1.3311,0
1.9503,1.2335,1.2804,0
1.9503,1.2335,1.2804,0
1.8584,1.1778,1.4107,0
1.8584,1.1778,1.4107,0
1.7651,1.7641,1.3314,0
1.7651,1.7641,1.3314,0
1.7017,1.7204,1.2786,22
1.6717,1.7002,1.2541,22
1.6116,1.6533,1.2089,22
1.5847,1.6274,1.1915,22
2.115,1.6004,1.1754,0
2.0586,1.5481,1.1492,0
2.0304,1.521,1.1381,0
1.974,1.48,1.1077,0
1.9153,1.4385,1.3841,0
1.8855,1.4179,1.3581,0
1.8225,1.3756,1.3036,0
1.792,1.3558,1.2776,0
1.7568,1.3334,1.2478,0
1.6957,1.2961,1.1969,0
1.635,1.261,1.1474,0
1.6056,1.8341,1.124,22
1.5741,1.8105,1.0992,22
1.5165,1.7606,1.0581,22
2.0584,1.7058,1.0287,0
2.0311,1.6791,1.0167,0
2.0311,1.6791,1.0167,0
1.9445,1.6122,1.3642,0
1.8822,1.5654,1.309,0
1.8822,1.5654,1.309,0
1.7917,1.4997,1.2303,0
1.7917,1.4997,1.2303,0
1.7014,1.437,1.1538,0
1.7014,1.437,1.1538,0
1.638,1.395,1.1016,0
1.6086,1.3762,1.0779,0
1.5471,1.3381,1.0294,0
1.519,1.3214,1.0079,0
2.0816,1.8331,0.9637,0
2.0506,1.8099,0.9428,0
1.9852,1.7618,0.9008,0
1.9557,1.7405,0.8828,0
1.8925,1.6956,0.8466,0
1.8622,1.6746,0.8305,0
1.7991,1.6317,1.1992,0
1.7698,1.6123,1.1728,0
1.7054,1.5707,1.1156,0
1.6753,1.5518,1.0891,0
1.6447,1.533,1.0624,0
1.582,1.4959,1.0086,0
1.5207,1.4613,0.9571,0
1.4911,1.9855,0.9327,22
1.4604,1.9624,0.9078,22
1.4022,1.9123,0.865,22
2.0151,1.884,0.8476,0
1.9589,1.83,0.8193,0
1.9047,1.7811,1.2762,0
1.878,1.7595,1.2522,0
1.8184,1.7119,1.1988,0
1.7896,1.6891,1.1733,0
1.7293,1.6421,1.1206,0
1.7293,1.6421,1.1206,0
1.6418,1.5758,1.046,0
1.6418,1.5758,1.046,0
2.2018,1.5066,0.9683,0
2.2018,1.5066,0.9683,0
2.1111,1.447,0.9019,0
2.1111,1.447,0.9019,0
2.0494,1.4085,0.8596,0
1.9887,1.3724,0.8206,0
1.9593,1.3557,0.8029,0
1.9291,1.8289,0.7855,0
1.8685,1.7805,1.2367,0
1.8076,1.7326,1.1818,0
1.7781,1.7097,1.1554,0
1.7185,1.6642,1.1029,0
1.7185,1.6642,1.1029,0
1.6303,1.5987,1.0269,0
1.6303,1.5987,1.0269,0
1.5427,1.5361,0.9541,0
2.1409,1.4961,0.9076,0
2.1114,1.4773,0.8859,0
2.1114,1.4773,0.8859,0
2.0178,1.4205,0.8208,0
1.9559,1.3853,0.7812,0
1.9559,1.3853,0.7812,0
1.8667,1.8256,0.7304,0
1.8667,1.8256,0.7304,0
1.7724,2.2324,1.1429,22
1.7724,2.2324,1.1429,22
1.7152,2.1834,1.0936,22
1.9381,2.1574,1.073,22
1.8803,1.6768,1.034,0
1.8536,1.6575,1.0171,0
1.8014,1.6233,0.9838,0
1.7763,1.6091,0.9674,0
1.7216,1.9687,0.9333,22
1.6944,1.9468,0.9171,22
1.6383,1.8963,1.4312,22
1.6383,1.8963,1.4312,22
1.8722,1.473,1.3765,0
1.8195,1.4368,1.344,0
1.7938,1.4224,1.3271,0
1.7938,1.4224,1.3271,0
1.7144,1.6784,1.277,0
1.6565,1.6294,1.2427,0
1.6275,1.6052,1.2262,0
1.5683,1.5563,1.3011,0
1.5683,1.5563,1.3011,0
1.4817,1.4862,1.2294,22
1.4817,1.4862,1.2294,22
2.4524,1.4099,1.17,0
2.4524,1.4099,1.17,0
2.3651,1.3365,1.1155,0
2.3651,1.3365,1.1155,0
2.3044,1.2896,1.0788,0
2.2458,1.2456,1.0456,0
2.2169,1.2245,1.0303,0
2.1561,1.1812,1.1419,0
2.1561,1.1812,1.1419,0
2.0597,1.1167,1.0625,0
2.0597,1.1167,1.0625,0
2.3464,1.0625,0.9929,0
2.3464,1.0625,0.9929,0
2.2559,1.4372,0.9296,0
2.2559,1.4372,0.9296,0
2.2234,1.4156,0.9081,0
2.1613,1.3755,0.8691,0
2.0994,1.3373,0.8333,0
2.0707,1.3203,0.8179,0
2.0095,1.2855,1.3931,0
1.98,1.6976,1.371,0
1.9503,1.6775,1.3491,0
1.891,1.6384,1.3065,0
1.8301,1.5995,1.2642,0
1.7701,1.5626,1.2242,0
1.74,1.5448,1.2049,0
1.7093,1.527,1.1856,0
1.6507,1.9192,1.1505,22
1.5891,1.878,1.1161,22
1.9514,1.8555,1.2596,0
1.9514,1.8555,1.2596,0
1.8699,1.7918,1.2026,0
1.8105,1.752,1.1603,0
1.7802,1.7321,1.1394,0
1.7802,1.7321,1.1394,0
1.6927,1.6767,1.0818,0
1.6624,1.6583,1.0629,0
1.597,1.6197,1.0243,22
1.597,1.6197,1.0243,22
1.9263,1.5618,1.1791,0
1.9003,1.5425,1.161,0
1.8405,1.508,1.1167,0
1.8405,1.508,1.1167,0
1.75,1.832,1.0529,22
1.75,1.832,1.0529,22
1.933,1.7611,1.0052,0
1.933,1.7611,1.0052,0
1.843,1.6964,1.2144,0
1.843,1.6964,1.2144,0
1.7789,1.6539,1.167,0
1.7475,1.6337,1.1444,0
1.6844,1.5941,1.1002,0
1.653,1.575,1.079,0
1.5912,1.5386,1.0388,0
1.5596,1.5207,1.019,0
1.497,1.4863,0.9818,0
1.4669,2.1723,0.9648,22
1.4046,2.1387,0.9319,22
1.3759,2.1179,1.193,22
1.3225,2.0791,1.158,22
1.2741,1.3512,1.1281,22
1.2741,1.3512,1.1281,22
1.654,1.3084,1.0915,0
1.654,1.3084,1.0915,0
1.5853,1.2693,1.1477,0
1.5853,1.2693,1.1477,0
1.5007,1.8984,1.0722,22
1.5007,1.8984,1.0722,22
1.4721,1.881,1.047,22
1.4193,1.84,1.0064,22
1.3944,1.8204,0.988,22
1.3474,1.7828,0.9547,22
1.3062,1.1009,0.9274,0
1.2868,1.0874,0.9153,0
1.2673,1.0737,0.9037,0
1.2204,1.6803,0.8737,22
1.1955,1.6619,0.8584,22
1.1481,1.6218,0.8346,22
1.6384,1.6007,1.1271,0
1.5983,1.5629,1.0912,0
1.5739,1.5443,1.0687,0
1.5251,1.5076,1.0241,0
1.474,1.4699,0.9779,0
1.4468,1.4502,0.9536,22
1.4468,1.4502,0.9536,22
1.89,1.3864,0.8838,0
1.89,1.3864,0.8838,0
1.8168,1.3233,0.8314,0
1.7613,1.2839,0.7913,0
1.7332,1.2644,0.7718,0
1.7018,1.2432,0.7509,0
2.2412,1.206,0.7155,0
2.2412,1.206,0.7155,0
2.1497,1.1538,1.0619,0
2.1189,1.7145,1.0366,0
2.0578,1.6688,0.9876,0
1.997,1.6243,0.9403,0
1.9676,1.6033,0.9181,0
1.9347,1.58,0.8938,0
1.8716,1.5365,0.8489,0
1.8716,1.5365,0.8489,0
1.7786,1.4752,0.7879,0
1.7786,1.4752,0.7879,0
1.6851,1.4172,0.734,0
1.6523,1.3978,1.1156,0
1.5918,1.3635,1.0652,0
1.5597,1.9144,1.0391,22
1.4978,1.8685,0.9897,22
1.4978,1.8685,0.9897,22
2.0424,1.7939,0.9445,0
2.0424,1.7939,0.9445,0
1.9632,1.7273,0.9014,0
1.9632,1.7273,0.9014,0
1.8712,1.6573,1.271,0
1.8712,1.6573,1.271,0
1.7793,1.5898,1.1897,0
1.7793,1.5898,1.1897,0
1.6883,1.5258,1.1111,0
1.6883,1.5258,1.1111,0
1.627,1.4843,1.0596,0
1.627,1.4843,1.0596,0
1.5364,1.426,0.9859,0
1.5056,1.407,0.9616,0
1.4453,1.3712,0.9155,0
1.4453,1.3712,0.9155,0
1.9894,1.8344,0.8521,0
1.9264,1.7878,0.8131,0
1.8956,1.7655,0.7952,0
1.8627,1.7419,0.7771,0
1.8007,1.6984,1.183,0
1.8007,1.6984,1.183,0
1.7074,1.6351,1.099,0
1.6462,1.5953,1.0448,0
1.6462,1.5953,1.0448,0
1.5546,1.5386,0.9658,0
1.5546,1.5386,0.9658,0
1.4631,1.4856,0.8896,22
1.4631,1.4856,0.8896,22
2.0325,1.4272,0.8317,0
2.0325,1.4272,0.8317,0
2.0072,1.4063,0.8185,0
1.9468,1.864,0.7805,0
1.9153,1.8391,0.762,0
1.8544,1.7915,0.7289,0
1.8239,1.768,1.1909,0
1.7629,1.7217,1.1358,0
1.7315,1.6982,1.1079,0
1.6709,1.6538,1.0544,0
1.6401,1.6316,1.0277,0
1.5804,1.5896,0.9768,22
1.5202,1.5484,0.9267,22
2.1316,1.5022,0.8945,0
2.1095,1.4807,0.8822,0
2.0513,1.4402,0.8435,0
2.0513,1.4402,0.8435,0
1.964,1.3822,0.7909,0
1.9348,1.3636,0.775,0
1.9053,1.3452,1.2664,0
2.5196,1.3103,1.2141,0
2.4912,1.7525,1.19,0
2.4607,1.7274,1.1642,0
2.4016,1.6794,1.1152,0
2.3418,1.6318,1.0668,0
2.3135,1.6095,1.0444,0
2.2534,1.563,0.9981,0
2.2233,1.5401,0.9755,0
2.1641,1.4959,0.9327,0
2.1641,1.4959,0.9327,0
2.0774,1.4336,0.8741,0
2.0187,1.393,0.8378,0
1.9903,1.3739,0.8213,0
1.9323,1.3362,1.2958,0
1.9323,1.3362,1.2958,0
2.0957,1.2832,1.2187,0
2.0957,1.2832,1.2187,0
2.0035,1.7151,1.1442,0
2.0035,1.7151,1.1442,0
1.9121,1.6645,1.0734,0
1.9121,1.6645,1.0734,0
1.8793,2.1299,1.0488,22
1.8181,2.0951,1.0042,22
1.7579,2.055,0.9666,22
1.7326,2.0334,0.9548,22
1.6859,1.9889,0.9378,22
1.6859,1.9889,0.9378,22
1.9352,1.4632,1.4464,0
1.9163,1.4434,1.4375,0
1.8746,1.408,1.4145,0
1.8746,1.408,1.4145,0
1.7977,1.3624,1.3648,0
1.7977,1.3624,1.3648,0
1.7135,1.7572,1.3137,22
1.7135,1.7572,1.3137,22
1.988,1.6915,1.3829,0
1.988,1.6915,1.3829,0
1.9065,1.6297,1.3275,0
1.9065,1.6297,1.3275,0
1.8131,1.57,1.2632,0
1.8131,1.57,1.2632,0
1.722,1.5153,1.2046,0
1.722,1.5153,1.2046,0
1.6335,1.8893,1.1523,22
1.6335,1.8893,1.1523,22
1.9356,1.8197,1.26,0
1.9356,1.8197,1.26,0
1.9102,1.7943,1.2451,0
1.8487,1.7518,1.2009,0
1.8168,1.7303,1.1787,0
1.7556,1.69,1.1375,0
1.6945,1.6512,1.0985,0
1.6662,1.6337,1.0812,0
1.6058,1.5975,1.0462,0
1.5759,1.5802,1.0298,22
1.5161,1.9475,1.1826,22
1.8964,1.9231,1.1647,22
1.8451,1.481,1.1343,0
1.8451,1.481,1.1343,0
2.2091,1.4209,1.0974,0
2.1514,1.3883,1.0636,0
2.1514,1.3883,1.0636,0
2.0809,1.7082,1.0255,0
2.0509,1.6873,1.2581,0
1.9904,1.6458,1.21,0
1.9904,1.6458,1.21,0
1.8991,1.5857,1.1401,0
1.8689,1.5666,1.1178,0
1.809,1.5298,1.0748,0
1.7791,1.512,1.0541,0
1.7159,1.8408,1.0121,22
1.7159,1.8408,1.0121,22
2.4491,1.4169,1.2512,0
2.4491,1.4169,1.2512,0
2.3617,1.6982,1.1912,0
2.3617,1.6982,1.1912,0
2.2738,1.6342,1.1265,0
2.2738,1.6342,1.1265,0
2.188,1.5744,1.0672,0
2.188,1.5744,1.0672,0
2.506,1.5166,1.0118,0
2.506,1.5166,1.0118,0
2.4092,1.4605,0.9604,0
2.4092,1.4605,0.9604,0
2.3156,1.7451,1.1826,0
2.3156,1.7451,1.1826,0
2.2232,1.6816,1.1154,0
2.2232,1.6816,1.1154,0
2.1309,1.621,1.0522,0
2.1309,1.621,1.0522,0
2.0398,1.5644,0.9944,0
2.0398,1.5644,0.9944,0
1.9477,1.5106,0.9415,0
1.9477,1.5106,0.9415,0
1.8507,1.5086,1.5643,0
1.8507,1.5086,1.5643,0
1.7583,1.4297,1.5096,0
1.7583,1.4297,1.5096,0
1.7277,1.404,1.4923,0
1.667,1.3535,1.4593,0
1.6068,1.3043,2.1026,-22
1.5759,1.2796,2.0843,-22
1.5446,1.2547,2.066,-22
1.488,1.2171,2.0205,-22
1.4426,1.1891,1.3286,0
1.9134,1.1774,1.3146,0
1.8653,1.152,1.2875,0
1.8396,1.138,1.9156,-22
1.7819,1.3045,1.879,-22
1.7567,1.2839,1.8583,-22
1.7077,1.2452,1.8171,-22
1.6861,1.2287,1.7985,-22
1.6474,1.2001,1.1567,0
1.6284,1.1866,1.1429,0
2.1924,1.1742,1.1293,0
2.1416,1.1387,1.6921,0
2.1416,1.1387,1.6921,0
2.0615,1.0854,1.6355,0
2.0303,1.0656,1.6141,0
1.9682,1.0279,1.5724,0
1.9371,1.0099,1.5521,0
1.8717,1.3139,1.5105,0
1.8717,1.3139,1.5105,0
1.7786,1.2305,1.4545,0
1.7786,1.2305,1.4545,0
1.6868,1.1498,1.4033,0
1.6868,1.1498,1.4033,0
1.5933,1.0696,1.9319,-22
1.5933,1.0696,1.9319,-22
1.5106,1.0063,1.863,-22
1.5106,1.0063,1.863,-22
2.0623,0.9654,1.2539,0
2.0623,0.9654,1.2539,0
1.99,0.9244,1.7378,0
1.99,0.9244,1.7378,0
1.8977,1.2971,1.6683,0
1.8977,1.2971,1.6683,0
1.8368,1.2425,1.6238,0
1.8068,1.216,1.6023,0
1.7468,1.1633,1.5602,0
1.7183,1.1386,1.5407,0
1.6582,1.0872,1.5004,0
1.6279,1.0617,1.4807,0
1.5679,1.0122,1.4428,0
1.5399,0.9895,1.4257,0
1.4789,0.9414,1.3898,0
1.4499,0.9191,1.3734,0
2.301,0.8969,1.3572,0
2.2395,0.8538,1.8386,0
2.2079,0.8326,1.815,0
2.1494,0.7957,1.772,0
2.1494,0.7957,1.772,0
2.0583,1.1868,1.707,0
2.0283,1.1584,1.6862,0
1.9682,1.1019,1.6455,0
1.9401,1.0758,1.6269,0
1.8828,1.0229,1.59,0
1.8534,0.996,1.5716,0
2.098,0.9432,1.536,0
2.0685,0.9186,1.5198,0
2.0064,0.8682,1.4872,0
1.9757,0.8438,1.4984,0
1.912,0.7948,1.4504,0
1.8824,0.7728,1.4285,0
1.8211,0.7292,1.3842,0
1.7916,0.7093,1.3634,0
1.7289,0.6694,1.3203,0
1.7003,0.6525,1.3012,0
1.6387,1.0865,1.2614,0
1.6093,1.0669,1.2431,0
1.55,1.029,1.2075,0
1.5216,1.0117,1.1912,0
1.4575,0.9746,1.1562,0
1.428,1.4274,1.1919,0
1.3971,1.4073,1.166,22
1.3376,1.3699,1.1171,22
1.3123,1.3471,1.0994,22
1.6028,1.3033,1.0717,0
1.6028,1.3033,1.0717,0
1.5325,1.2437,1.0372,0
1.4778,1.2087,1.0059,0
1.45,1.1916,0.9908,0
1.3901,1.1561,1.0851,0
1.3901,1.1561,1.0851,0
1.2974,2.9242,1.0072,22
1.2974,2.9242,1.0072,22
1.5988,2.8355,0.9478,22
1.5988,2.8355,0.9478,22
1.5281,2.7542,0.917,22
1.5281,2.7542,0.917,22
1.4879,0.9486,1.1262,0
1.8742,0.9097,1.1028,0
1.8519,0.8976,1.0854,0
1.8271,3.168,1.0663,22
1.7753,3.1193,1.0272,22
1.7528,3.0938,1.0137,22
1.7116,2.2099,0.992,22
1.988,1.4892,0.9836,0
1.9409,1.4508,0.9701,0
1.9409,1.4508,0.9701,0
1.8646,2.1085,1.2027,22
1.8365,2.0929,1.1818,22
1.7824,2.0572,1.1464,22
1.7824,2.0572,1.1464,22
1.713,1.3081,1.1139,0
1.6909,1.2888,1.1059,0
1.6437,1.9476,1.0798,22
1.6437,1.9476,1.0798,22
1.5758,1.8939,1.3699,22
1.5758,1.8939,1.3699,22
1.9494,1.1611,1.3375,0
1.9494,1.1611,1.3375,0
1.8756,1.7764,1.3022,0
1.8756,1.7764,1.3022,0
1.7936,1.724,1.3797,0
1.7936,1.724,1.3797,0
1.7039,1.6694,1.3025,0
1.7039,1.6694,1.3025,0
1.6399,1.6325,1.2486,0
1.5776,1.5981,1.1971,22
1.5459,2.2402,1.1713,22
1.4874,2.1966,1.1281,22
1.4616,2.1728,1.112,22
1.4098,1.4784,1.083,22
1.4098,1.4784,1.083,22
1.869,1.4118,1.0532,0
1.869,1.4118,1.0532,0
1.7954,1.3536,1.2819,0
1.7462,1.3246,1.2397,0
1.7462,1.3246,1.2397,0
1.665,1.881,1.1712,22
1.665,1.881,1.1712,22
1.6358,1.8598,1.147,22
1.5824,1.8073,1.1098,22
2.1326,1.1823,1.08,0
2.1088,1.1639,1.0679,0
2.0834,1.1439,1.0559,0
2.035,1.6708,1.0276,0
2.0081,1.6497,1.0126,0
1.9554,1.6088,1.3772,0
1.8976,1.565,1.3261,0
1.8692,1.5438,1.3011,0
1.8087,1.4996,1.2487,0
1.779,1.4784,1.2233,0
1.7196,1.4368,1.1732,0
1.6907,1.4171,1.1492,0
1.6302,1.3771,1.0999,0
1.6009,1.3583,1.0764,0
1.5706,1.3394,1.0526,0
2.136,1.3048,1.0088,0
2.0739,2.3047,0.9659,22
2.0425,2.2822,0.9451,22
1.9838,2.2346,0.9125,22
1.9571,2.2092,0.9016,22
1.9047,1.6528,1.3057,0
2.0968,1.6329,1.286,0
2.0685,1.6119,1.266,0
2.0138,1.5808,1.2236,0
1.9552,2.0187,1.1794,22
1.9552,2.0187,1.1794,22
1.8713,1.4929,1.1263,0
1.8713,1.4929,1.1263,0
1.7902,1.8722,1.079,22
1.7902,1.8722,1.079,22
1.9916,1.7956,1.5453,0
1.9916,1.7956,1.5453,0
1.9081,1.7234,1.486,0
1.9081,1.7234,1.486,0
1.8175,1.6506,1.4216,0
1.8175,1.6506,1.4216,0
1.7267,1.5798,1.3603,0
1.7267,1.5798,1.3603,0
1.6344,1.5101,1.3018,0
1.6344,1.5101,1.3018,0
1.5397,1.4413,1.2464,0
1.5397,1.4413,1.2464,0
1.447,1.3773,1.2303,0
1.447,1.3773,1.2303,0
1.3561,1.318,1.156,0
1.3561,1.318,1.156,0
1.296,1.2811,1.1085,0
1.2656,1.2632,1.085,0
1.2357,1.246,1.0622,22
1.8639,1.6778,1.0166,0
1.8045,1.6351,0.9802,0
1.7746,1.6166,0.9615,0
1.7142,1.5803,0.9258,0
1.6862,1.564,0.9103,0
1.6272,1.994,0.9521,22
1.9134,1.9756,0.9258,22
1.8528,1.9344,0.8776,22
1.8246,1.9119,0.8574,22
1.7695,1.8676,0.8203,22
1.7448,1.4051,0.8047,0
2.064,1.3711,0.7755,0
2.0399,1.3577,0.7621,0
1.9861,1.755,1.3485,0
1.9595,1.7376,1.3281,0
1.9018,1.7007,1.2848,0
1.8729,1.6827,1.2636,0
1.8119,1.6458,1.22,0
1.7825,1.6285,1.1995,0
1.752,1.611,1.1787,0
1.689,2.6835,1.1373,22
1.6279,2.6476,1.0993,22
1.6017,2.6261,1.0877,22
1.7288,2.5838,1.2339,22
1.7019,1.4695,1.2161,0
1.6474,1.4354,1.1814,0
1.6474,1.4354,1.1814,0
1.5657,2.473,1.1283,22
1.5343,2.4533,1.1089,22
1.507,2.4313,1.0968,22
1.4548,2.0249,1.3281,22
1.4304,1.3058,1.3112,0
1.407,1.2902,1.2953,0
1.3602,1.2613,1.2632,0
1.3108,1.9316,1.2294,22
1.2853,1.9167,1.2123,22
1.2345,1.882,1.1827,22
1.6517,1.8438,1.1615,22
1.6517,1.8438,1.1615,22
1.6282,1.8255,1.1666,22
2.0627,1.7916,1.1276,0
2.0221,1.0838,1.0929,0
2.4274,1.7443,1.0732,0
2.3737,1.7105,1.0307,0
2.347,1.6942,1.01,0
2.3167,1.676,0.9869,0
2.2568,1.6409,0.9424,0
2.1953,1.6066,0.8987,0
2.1653,1.5904,0.8782,0
2.1332,1.8311,0.8569,0
2.0664,1.7838,0.8149,0
2.0046,1.741,0.7793,0
1.9746,1.7207,0.7632,0
1.9746,1.7207,0.7632,0
1.882,1.66,1.0683,0
1.882,1.66,1.0683,0
1.7898,1.6027,1.0006,0
1.7259,1.5649,0.9561,0
1.695,1.5473,0.9355,0
1.6332,1.5134,0.8962,0
1.6332,1.5134,0.8962,0
1.5702,1.732,0.8589,22
1.5093,1.6884,0.826,22
1.4798,1.6616,1.1751,22
1.4225,1.6083,1.1393,22
1.4225,1.6083,1.1393,22
2.9484,1.3446,1.1045,0
2.9484,1.3446,1.1045,0
2.8707,1.4827,1.2899,0
2.8707,1.4827,1.2899,0
2.7884,1.4173,1.2153,0
2.7884,1.4173,1.2153,0
2.6983,1.3482,1.1354,0
2.6983,1.3482,1.1354,0
2.6078,1.282,1.0575,0
2.6078,1.282,1.0575,0
2.5457,1.2388,1.0058,0
2.5457,1.2388,1.0058,0
2.6001,1.1809,0.9352,0
2.5692,1.163,0.9131,0
2.5057,1.1281,0.8694,0
2.476,1.7437,0.8498,0
2.4385,1.7179,0.826,0
2.3766,1.6763,0.789,0
2.3099,1.633,0.753,0
2.3099,1.633,0.753,0
2.2164,1.575,1.1089,0
2.1538,1.5382,1.0667,0
2.1225,1.5204,1.0464,0
2.1225,1.5204,1.0464,0
2.028,1.6446,0.9886,0
2.028,1.6446,0.9886,0
1.9347,1.5758,0.9376,0
1.9036,1.5534,1.3327,0
1.8382,1.5074,1.2881,0
1.8382,1.5074,1.2881,0
1.7445,1.4442,1.2276,0
1.7445,1.4442,1.2276,0
1.651,1.3847,1.1717,0
1.651,1.3847,1.1717,0
1.588,1.3469,1.1369,0
1.5255,1.3113,2.1974,-22
1.4953,1.2948,2.1791,-22
1.4361,1.4434,2.1369,0
1.411,1.4284,2.1141,0
1.3588,1.3955,2.0719,0
1.3315,1.3766,2.054,0
1.3007,1.3557,2.0341,0
1.2395,1.3154,1.9955,0
1.6371,1.2064,1.975,-22
1.5746,1.1475,1.9396,-22
1.5226,1.1023,1.8956,-22
1.4999,1.0833,1.8744,-22
1.4999,1.0833,1.8744,-22
1.8885,1.0348,1.8085,0
1.8487,1.0103,1.764,0
1.826,0.993,1.7481,0
2.1388,0.9578,1.7155,0
2.1126,0.9403,1.699,0
2.1126,0.9403,1.699,0
2.0246,0.8844,1.6456,0
1.9592,0.8466,1.608,0
1.9298,0.8307,1.5916,0
1.9298,0.8307,1.5916,0
1.8666,1.1127,1.5578,0
1.7995,1.0606,1.8315,-22
1.7995,1.0606,1.8315,-22
1.6788,0.9817,1.7386,-22
1.6788,0.9817,1.7386,-22
1.6035,0.9521,1.3931,0
1.6035,0.9521,1.3931,0
1.527,1.2631,1.5976,-22
1.527,1.2631,1.5976,-22
1.527,1.2631,1.5976,-22
1.923,1.2068,1.2751,0
1.923,1.2068,1.2751,0
2.866,1.3715,1.2246,0
2.866,1.3715,1.2246,0
2.7921,1.303,1.3802,0
2.7921,1.303,1.3802,0
2.711,1.229,1.3171,0
2.6805,1.2015,1.294,0
3.0276,1.1458,1.2478,0
3.0276,1.1458,1.2478,0
2.9365,1.0699,1.1865,0
2.9365,1.0699,1.1865,0
2.8433,0.9957,1.1285,0
2.8433,0.9957,1.1285,0
2.7521,0.927,1.0772,0
2.7521,0.927,1.0772,0
2.6625,0.8645,1.6622,0
2.6625,0.8645,1.6622,0
2.5702,0.8066,1.6016,0
2.5702,0.8066,1.6016,0
2.4828,1.1545,1.5475,0
2.4828,1.1545,1.5475,0
2.4242,1.1099,1.5133,0
2.364,1.0659,1.48,0
2.364,1.0659,1.48,0
2.4632,1.0045,1.6114,0
2.4632,1.0045,1.6114,0
2.3671,0.949,1.5456,0
2.3338,1.3343,1.5235,0
2.304,1.3128,1.5041,0
2.2402,1.268,1.4638,0
2.2093,1.2468,1.4449,0
2.1467,1.2054,1.4079,0
2.0831,1.1653,1.3723,0
2.0532,1.1472,1.3563,0
2.0199,1.1276,1.339,0
1.9569,1.0924,1.5019,0
1.9241,3.3494,1.4778,22
1.8604,3.2924,1.4323,22
1.8054,3.1186,1.4017,22
1.7799,2.395,1.3883,22
1.7524,1.6721,1.3745,0
1.7034,1.6389,1.6142,0
1.7034,1.6389,1.6142,0
1.6262,2.2939,1.5569,22
1.6262,2.2939,1.5569,22
1.8826,1.5422,1.51,0
1.8567,1.5245,1.4979,0
1.829,1.5095,1.4823,0
1.7704,2.1686,1.4504,22
1.7412,2.1519,1.4303,22
1.6791,2.1117,1.3794,22
1.6528,2.0918,1.3596,22
1.6013,2.0525,1.322,22
1.5785,1.3618,1.3059,0
1.5357,1.333,1.2767,0
1.5123,1.3195,1.2601,0
1.4615,1.95,1.2252,22
1.914,1.9325,1.208,22
1.8578,1.8929,1.1789,22
1.8324,1.8725,1.1691,22
1.7841,1.8328,1.3252,22
1.7635,1.8155,1.3088,22
1.7426,1.7976,1.2924,22
1.706,1.1424,1.2647,0
1.6701,1.1154,1.2389,0
1.648,1.1025,1.2221,0
2.1699,1.6755,1.1855,0
2.1435,1.6564,1.1675,0
2.1142,1.6354,1.1479,0
2.0564,1.5948,1.1107,0
2.0259,1.5738,1.0918,0
1.9588,1.5289,1.0522,0
1.9588,1.5289,1.0522,0
1.8649,1.4689,1.0019,0
1.8649,1.4689,1.0019,0
1.7723,1.4135,1.2371,0
1.7723,1.4135,1.2371,0
1.6788,1.9589,1.1558,22
1.6438,1.9339,1.1259,22
1.5877,1.8809,1.0845,22
1.5877,1.8809,1.0845,22
2.1339,1.2467,1.0416,0
2.1339,1.2467,1.0416,0
2.061,1.1996,0.9986,0
2.061,1.1996,0.9986,0
1.9751,1.683,0.9491,0
1.9751,1.683,0.9491,0
1.9143,1.6364,1.3241,0
1.8861,1.6151,1.299,0
1.8252,1.57,1.2453,0
1.7952,1.5482,1.2193,0
1.7356,1.5058,1.168,0
1.7356,1.5058,1.168,0
1.6755,1.4643,1.1173,0
1.6149,1.4241,1.0674,0
1.5536,1.3851,1.0184,0
1.5245,1.3671,0.9956,0
1.5245,1.3671,0.9956,0
2.0648,1.8523,0.9298,0
2.0032,1.806,0.8892,0
1.9737,1.7841,0.8706,0
1.9412,1.7604,0.851,0
1.8784,1.7152,0.8155,0
1.8178,1.6728,1.2084,0
1.789,1.6531,1.1823,0
1.727,1.6116,1.1268,0
1.6973,1.5922,1.1004,0
1.6667,1.5726,1.0736,0
1.602,1.5324,1.0175,0
1.602,1.5324,1.0175,0
1.5099,1.4783,0.94,0
1.4791,1.4612,0.9147,0
1.4186,2.4223,0.8664,22
1.4186,2.4223,0.8664,22
1.3596,3.3859,0.8211,22
1.9494,1.8511,0.7914,0
1.9494,1.8511,0.7914,0
1.8773,1.7977,1.2451,0
1.8773,1.7977,1.2451,0
1.8197,2.2567,1.1931,22
1.7571,2.2204,1.1373,22
1.949,1.6906,1.0985,0
1.9252,1.6716,1.0833,0
1.9252,1.6716,1.0833,0
1.8455,1.6204,1.0293,0
1.8455,1.6204,1.0293,0
1.7543,2.0472,0.9677,22
1.7543,2.0472,0.9677,22
1.6675,1.9916,0.9187,22
1.6675,1.9916,0.9187,22
1.9062,1.9294,1.4139,22
1.9062,1.9294,1.4139,22
1.8456,1.413,1.3829,0
1.8131,1.3777,1.3709,0
1.8131,1.3777,1.3709,0
1.7437,1.3372,1.3288,0
1.7437,1.3372,1.3288,0
2.0223,1.7293,1.2851,0
2.0223,1.7293,1.2851,0
1.9923,1.7106,1.3779,0
1.9282,1.6718,1.3283,0
1.8962,1.6531,1.3041,0
1.8316,1.6166,1.2563,0
1.7707,2.0227,1.2128,22
1.7417,2.0043,1.1926,22
1.6829,1.9608,1.1574,22
1.6587,1.9379,1.1469,22
2.0042,1.4707,1.3014,0
1.9824,1.4505,1.2879,0
1.9339,1.4134,1.2557,0
1.9068,1.3982,1.2357,0
1.9068,1.3982,1.2357,0
1.7873,1.723,1.1519,0
1.7873,1.723,1.1519,0
1.757,1.7029,1.1317,0
1.6941,1.6622,1.0917,0
1.6337,1.6245,1.0556,0
1.6044,1.6069,1.0391,22
1.5454,1.5724,1.2049,22
1.9288,1.5507,1.1867,0
1.9015,1.5268,1.1695,0
1.8481,1.4866,1.1345,0
1.7877,1.4519,1.0926,0
1.7594,1.8122,1.0736,22
1.7279,1.7896,1.0531,22
2.7833,1.7439,1.0241,0
2.904,1.718,1.276,0
2.357,1.6704,1.2374,0
2.357,1.6704,1.2374,0
2.2971,1.6269,1.1918,0
2.716,1.58,1.1431,0
2.6552,1.5395,1.1014,0
2.6261,1.5206,1.0821,0
2.5949,1.5008,1.0621,0
2.5318,1.4621,1.0236,0
2.5007,1.4438,1.0057,0
2.4353,1.4913,1.2431,0
2.4353,1.4913,1.2431,0
2.8992,1.4108,1.1713,0
2.8992,1.4108,1.1713,0
2.8045,1.3315,1.1024,0
2.7718,1.3046,1.0796,0
2.7095,1.2543,1.0377,0
2.7095,1.2543,1.0377,0
2.6461,1.2043,0.9974,0
2.5827,1.1556,0.9596,0
2.5827,1.1556,0.9596,0
2.517,1.107,0.9237,0
2.4543,1.0624,1.5585,0
2.4543,1.0624,1.5585,0
2.3599,0.9993,1.5006,0
2.2985,0.9611,1.465,0
2.2691,0.9439,1.4487,0
2.2368,0.9256,1.4313,0
2.172,1.25,1.6499,0
2.1394,1.2253,1.6262,0
2.0789,1.1804,1.5831,0
2.0179,1.1368,1.5409,0
1.9896,1.1172,1.5219,0
1.9301,1.0774,1.4828,0
1.9001,1.0581,1.4637,0
1.8695,1.039,1.4445,0
1.8094,1.0032,1.4083,0
1.7493,1.3307,1.3738,0
1.72,1.3081,1.3577,0
1.72,1.3081,1.3577,0
1.632,1.2421,1.5585,0
1.601,1.2196,1.5354,0
1.5419,1.1778,1.4922,0
1.5419,1.1778,1.4922,0
1.4569,1.121,1.4324,0
1.4569,1.121,1.4324,0
1.8187,1.0681,1.3713,0
1.7589,1.7345,1.3147,0
1.7306,1.7186,1.2881,0
1.7306,1.7186,1.2881,0
1.641,2.0081,1.2042,22
1.6109,1.9874,1.1764,22
1.5554,1.9426,1.1267,22
1.5554,1.9426,1.1267,22
1.942,1.866,1.071,0
1.9195,1.5335,1.0561,0
2.2376,1.7975,1.0131,0
2.2079,1.7768,0.9924,0
2.143,1.7324,0.9489,0
2.143,1.7324,0.9489,0
2.0413,1.6654,0.8861,0
2.0413,1.6654,0.8861,0
2.0096,1.6453,0.8681,0
1.9448,1.6054,0.8338,0
1.8531,1.5518,1.1015,0
1.8531,1.5518,1.1015,0
1.7895,1.5168,1.0545,0
1.7578,1.7999,1.0317,22
1.6927,1.754,0.9865,22
1.6646,1.7283,0.9727,22
1.6108,1.6753,0.9513,22
1.5858,1.3819,1.3041,0
1.5372,1.3361,1.2767,0
1.5127,1.3218,1.2595,0
1.9501,1.5302,1.223,0
1.9229,1.5088,1.2054,0
1.8629,1.4622,1.1679,0
1.8338,1.4401,1.1506,0
1.7749,1.3961,1.1171,0
1.7467,1.3755,1.2619,0
1.7181,1.355,1.2344,0
2.147,1.3124,1.1762,0
2.1165,1.2921,1.1478,0
2.0555,1.2531,1.0916,0
1.9974,1.2179,1.039,0
1.9693,1.2016,1.0138,0
2.4001,1.8248,0.9615,0
2.3715,1.8055,0.9371,0
2.3411,1.7854,0.9116,0
2.279,1.7453,0.8609,0
2.279,1.7453,0.8609,0
2.2192,1.7082,0.814,0
2.6045,1.6686,0.7647,0
2.5413,1.8603,0.7241,0
2.5102,1.8381,0.7054,0
2.448,1.7945,0.671,0
2.4186,1.7742,1.0462,0
2.3569,1.7327,0.9987,0
2.3268,1.7129,0.9761,0
2.2952,1.6925,0.9529,0
2.2328,1.6532,0.9087,0
2.1717,1.6161,0.8677,0
2.1414,1.5983,0.8483,0
2.0792,1.5631,0.8108,0
2.0501,1.5472,0.7943,0
1.9851,1.7372,1.1431,0
1.9851,1.7372,1.1431,0
1.8907,1.6693,1.0726,0
1.8281,1.6259,1.0283,0
1.8281,1.6259,1.0283,0
1.7371,1.5653,0.9677,0
1.7371,1.5653,0.9677,0
1.7039,1.5439,0.9469,0
1.6378,1.5027,0.908,0
1.6065,1.4839,0.8908,0
1.542,1.4466,1.2298,0
1.51,2.0898,1.206,22
1.449,2.0494,1.1616,22
1.4193,2.0302,1.1407,22
1.8697,1.9797,1.1141,22
1.8364,1.9503,1.1028,22
1.7819,1.2706,1.2964,0
1.7314,1.2283,1.2587,0
1.707,1.2148,1.2384,0
1.6546,1.7938,1.1955,22
1.6269,1.774,1.1732,22
1.5788,1.7268,1.1409,22
1.5788,1.7268,1.1409,22
2.0906,1.6575,1.1032,0
2.0906,1.6575,1.1032,0
2.02,1.5977,1.0665,0
2.02,1.5977,1.0665,0
1.9681,1.5582,1.4059,0
1.9416,1.5384,1.3824,0
1.885,1.4968,1.3328,0
1.8568,1.4764,1.3082,0
1.7942,1.4323,1.2544,0
1.7656,1.4126,1.2302,0
1.7045,1.3719,1.1792,0
1.6753,1.353,1.1553,0
1.6148,1.3152,1.1066,0
1.5861,1.2979,1.084,0
1.5269,1.8303,1.0385,22
1.5269,1.8303,1.0385,22
2.0493,1.757,0.9798,0
2.0196,1.7284,0.966,0
1.9628,1.6777,0.9392,0
1.9325,1.6539,1.3394,0
1.8682,1.6042,1.2825,0
1.8682,1.6042,1.2825,0
1.779,1.5372,1.205,0
1.779,1.5372,1.205,0
1.6922,1.4746,1.1317,0
1.6922,1.4746,1.1317,0
1.605,1.4145,1.0605,0
1.605,1.4145,1.0605,0
2.1516,1.3588,0.9937,0
2.1516,1.3588,0.9937,0
2.0614,1.3074,0.9316,0
2.0614,1.3074,0.9316,0
2.0003,1.7968,0.8924,0
1.9374,1.7493,0.8551,0
1.9049,1.7251,0.8371,0
1.842,1.6792,1.2332,0
1.8107,1.6568,1.205,0
1.7461,1.6115,1.1474,0
1.7461,1.6115,1.1474,0
1.6565,1.5512,1.0693,0
1.6565,1.5512,1.0693,0
1.5641,1.4923,0.991,0
1.5641,1.4923,0.991,0
1.4734,1.4382,0.9174,0
1.4734,1.4382,0.9174,0
1.3852,1.9048,0.8497,22
1.3852,1.9048,0.8497,22
1.9376,1.8253,0.798,0
1.9376,1.8253,0.798,0
1.8457,1.747,1.2198,0
1.8457,1.747,1.2198,0
1.8155,1.7233,1.1927,0
1.7511,1.6737,1.1355,0
1.7203,1.6504,1.1086,0
1.6628,1.6077,1.059,0
1.6336,1.5863,1.0342,0
1.5727,1.5427,0.9834,0
1.542,1.5212,0.9584,0
2.1373,1.4809,0.9116,0
2.107,1.4619,0.8895,0
2.0454,1.4244,0.8464,0
2.0145,1.4064,0.8257,0
1.9504,1.3704,0.7853,0
1.8908,1.8162,0.751,0
1.8616,1.7934,0.7354,0
1.7999,1.746,1.17,0
1.7711,1.7242,1.1441,0
1.7104,1.6789,1.0901,0
1.6821,1.6582,1.0653,0
1.6821,1.6582,1.0653,0
1.5917,1.5938,0.9874,22
1.5628,1.5737,0.9631,22
2.1687,1.5299,0.9206,0
2.1407,1.505,0.9028,0
2.081,1.4564,0.8653,0
2.081,1.4564,0.8653,0
1.9933,1.3963,0.8107,0
1.9933,1.3963,0.8107,0
1.906,1.34,1.2681,0
2.1311,1.3207,1.2401,0
2.1001,1.3034,1.2143,0
2.0357,1.7511,1.1616,0
2.0067,1.7342,1.1383,0
1.9442,1.6991,1.0891,0
1.9442,1.6991,1.0891,0
1.8486,2.0703,1.0168,22
1.8486,2.0703,1.0168,22
1.7596,1.9985,0.9573,22
1.7319,1.972,0.9429,22
1.6771,1.9184,0.9177,22
1.9651,1.5206,1.4472,0
1.9073,1.4823,1.4073,0
1.9073,1.4823,1.4073,0
1.8261,1.7725,1.3495,0
1.7967,1.7484,1.3294,0
1.7377,1.7004,1.2899,0
1.7377,1.7004,1.2899,0
1.646,1.6274,1.2319,0
1.646,1.6274,1.2319,0
1.6151,1.6032,1.2133,0
1.5351,1.5419,1.1681,22
1.5032,1.518,1.1512,22
1.4461,1.4697,1.1963,22
2.4489,1.4198,1.1598,0
2.4235,1.3971,1.1441,0
2.3663,1.3535,1.1058,0
2.3384,1.3327,1.0879,0
2.2764,1.2875,1.0496,0
2.2764,1.2875,1.0496,0
2.1873,1.2254,0.9994,0
2.1551,1.204,1.134,0
2.1254,1.1846,1.1085,0
2.0625,1.1454,1.0557,0
2.0346,1.1287,1.0327,0
2.0015,1.1097,1.0058,0
1.9414,1.5078,0.9583,0
1.9115,1.4872,0.9353,0
1.8483,1.4449,0.8884,0
1.7907,1.4079,0.8479,0
2.132,1.3905,0.8291,0
2.0714,1.3563,0.7929,0
2.0714,1.3563,0.7929,0
2.0037,1.7498,0.7565,0
1.9744,1.7308,1.348,0
1.9135,1.6923,1.3018,0
1.8826,1.6733,1.2789,0
1.822,1.6372,1.2351,0
1.7935,1.6208,1.215,0
1.7615,1.6028,1.1929,0
1.7013,1.9995,1.1527,22
1.6413,1.9609,1.1146,22
1.6141,1.9374,1.1021,22
1.5856,1.9127,1.09,22
1.925,1.4604,1.2244,0
1.8734,1.4265,1.1888,0
1.8475,1.4117,1.1706,0
1.7937,1.7681,1.1338,0
1.7669,1.7492,1.1161,0
1.7368,1.7283,1.0967,0
1.6764,1.6872,1.0596,22
1.6472,1.6677,1.0426,22
2.0079,1.6246,1.2377,0
1.9815,1.6026,1.2189,0
1.9266,1.5611,1.1797,0
1.8686,1.5228,1.1378,0
1.8395,1.5042,1.1175,0
1.8395,1.5042,1.1175,0
2.027,1.4506,1.0594,0
1.995,1.4334,1.041,0
1.9265,1.7549,1.0037,0
1.9265,1.7549,1.0037,0
1.8329,1.693,1.2043,0
1.8329,1.693,1.2043,0
1.7373,1.633,1.1327,0
1.7373,1.633,1.1327,0
1.6445,1.5781,1.067,0
1.6445,1.5781,1.067,0
1.5508,1.5265,1.0049,0
1.5207,2.2138,0.986,22
1.5207,2.2138,0.986,22
1.4246,2.158,0.9347,22
1.4246,2.158,0.9347,22
1.3458,1.4057,1.1695,22
1.3212,1.3896,1.1534,22
1.278,1.3615,1.126,22
1.2571,1.348,1.1133,22
1.6652,1.3218,1.0901,0
1.6415,1.3075,1.1955,0
1.5881,1.2768,1.1474,0
1.5593,1.2609,1.1218,0
1.501,1.9029,1.0702,22
1.501,1.9029,1.0702,22
1.4155,1.8403,1.0017,22
1.4155,1.8403,1.0017,22
1.3449,1.1296,0.9516,0
1.3449,1.1296,0.9516,0
1.2704,1.7276,0.8996,22
1.2704,1.7276,0.8996,22
1.1987,1.6676,0.8582,22
1.1987,1.6676,0.8582,22
1.6552,1.6131,1.1429,0
1.6552,1.6131,1.1429,0
1.6112,1.5758,1.1025,0
1.5607,1.5375,1.0559,0
1.5343,1.5179,1.0318,0
1.479,1.4773,0.9815,0
1.4509,1.4571,0.9563,22
1.3906,1.4148,0.903,22
1.8914,1.3914,0.8833,0
1.8413,1.3446,0.8483,0
1.8413,1.3446,0.8483,0
1.7551,1.2832,0.7852,0
1.7551,1.2832,0.7852,0
2.2667,1.2248,0.7276,0
2.2667,1.2248,0.7276,0
2.173,1.17,1.0798,0
2.173,1.17,1.0798,0
2.0801,1.6883,1.0038,0
2.0801,1.6883,1.0038,0
1.9886,1.6214,0.9323,0
1.9886,1.6214,0.9323,0
1.8973,1.5573,0.865,0
1.8973,1.5573,0.865,0
1.8016,1.4934,0.8002,0
1.8016,1.4934,0.8002,0
1.7108,1.4361,0.7455,0
1.7108,1.4361,0.7455,0
1.6109,1.3777,1.0798,0
1.6109,1.3777,1.0798,0
1.5223,1.8898,1.0077,22
1.5223,1.8898,1.0077,22
2.063,1.8181,0.9518,0
2.063,1.8181,0.9518,0
1.9792,1.7499,0.9027,0
1.9792,1.7499,0.9027,0
1.8869,1.6822,0.8511,0
1.8869,1.6822,0.8511,0
1.7969,1.6187,1.2005,0
1.7969,1.6187,1.2005,0
1.7035,1.5558,1.1181,0
1.7035,1.5558,1.1181,0
1.613,1.498,1.0402,0
1.613,1.498,1.0402,0
1.5204,1.4428,0.9635,0
1.5204,1.4428,0.9635,0
1.4589,1.9432,0.9143,22
1.4285,1.9197,0.8907,22
2.0082,1.8686,0.8502,0
1.9828,1.8441,0.8374,0
1.9286,1.7959,0.8096,0
1.8991,1.7728,0.7935,0
1.8369,1.7249,1.2157,0
1.8072,1.7024,1.189,0
1.7469,1.6574,1.1354,0
1.7182,1.6365,1.1103,0
1.6577,1.5929,1.0578,0
1.6577,1.5929,1.0578,0
1.5671,1.5303,0.9816,0
1.5089,1.4917,0.9343,0
1.4797,1.4728,0.9111,0
2.1,1.4531,0.8869,0
2.0399,1.4184,0.8442,0
1.9785,1.8848,0.8032,0
1.9479,1.8612,0.7838,0
1.9479,1.8612,0.7838,0
1.8532,1.7893,0.7293,0
1.8532,1.7893,0.7293,0
1.7603,1.7211,1.1331,0
1.7603,1.7211,1.1331,0
1.6683,1.6561,1.051,0
1.6683,1.6561,1.051,0
1.578,1.5951,0.9725,22
1.578,1.5951,0.9725,22
2.1583,1.5284,0.9101,0
2.1335,1.5049,0.8951,0
2.1058,1.4861,0.8754,0
2.0427,1.4442,0.8324,0
2.0142,1.4259,0.814,0